Order_id,Segment,Customer_ID,Product_ID,Discount Band,Units Sold,Manufacturing Price,Sale Price,Gross Sales,Discounts,Sales,Sales_Th,COGS,Profit,Profit_Th,Date,Month,Quarter,Year,Customer_Name,Product_Name,Country,qt
1,Enterprise,CUST_ID_001,PROD_ID_001,None,345,5,125,"43,125.00",0,"43,125.00",43.13,"41,400.00","1,725.00",1.73,22-09-2021,Sep,Q3,2021,James Smith,Montana,USA,345
2,Midmarket,CUST_ID_002,PROD_ID_002,None,549,10,15,"8,235.00",0,"8,235.00",8.24,"5,490.00","2,745.00",2.75,11-01-2021,Jan,Q1,2021,Emma Johnson,Paseo,Canada,549
3,Small Business,CUST_ID_003,PROD_ID_002,None,788,10,300,"2,36,400.00",0,"2,36,400.00",236.4,"1,97,000.00","39,400.00",39.4,27-01-2022,Jan,Q1,2021,Noah Williams,Paseo,England,788
4,Government,CUST_ID_004,PROD_ID_002,None,"1,725.00",10,350,"6,03,750.00",0,"6,03,750.00",603.75,"4,48,500.00","1,55,250.00",155.25,01-08-2021,Aug,Q3,2021,Olivia Brown,Paseo,France,"1,725.00"
5,Channel Partners,CUST_ID_005,PROD_ID_002,None,912,10,12,"10,944.00",0,"10,944.00",10.94,"2,736.00","8,208.00",8.21,08-07-2022,Jul,Q3,2021,Liam Jones,Paseo,Germany,912
6,Midmarket,CUST_ID_006,PROD_ID_002,None,"2,152.00",10,15,"32,280.00",0,"32,280.00",32.28,"21,520.00","10,760.00",10.76,28-09-2022,Sep,Q3,2021,Ava Davis,Paseo,Italy,"2,152.00"
7,Enterprise,CUST_ID_007,PROD_ID_003,None,345,120,125,"43,125.00",0,"43,125.00",43.13,"41,400.00","1,725.00",1.73,26-09-2021,Sep,Q3,2021,Ethan Miller,Velo,India,345
8,Government,CUST_ID_008,PROD_ID_004,None,"1,527.00",250,350,"5,34,450.00",0,"5,34,450.00",534.45,"3,97,020.00","1,37,430.00",137.43,11-02-2021,Feb,Q1,2021,Isabella Wilson,VTT,Japan,"1,527.00"
9,Enterprise,CUST_ID_009,PROD_ID_005,Low,330,3,125,"41,250.00",412.5,"40,837.50",40.84,"39,600.00","1,237.50",1.24,12-01-2022,Jan,Q1,2021,Mason Taylor,Carretera,USA,330
10,Channel Partners,CUST_ID_010,PROD_ID_005,Low,766,3,12,"9,192.00",91.92,"9,100.08",9.1,"2,298.00","6,802.08",6.8,06-04-2022,Apr,Q2,2021,Sophia Anderson,Carretera,Canada,766
11,Small Business,CUST_ID_011,PROD_ID_005,Low,494,3,300,"1,48,200.00",1482,"1,46,718.00",146.72,"1,23,500.00","23,218.00",23.22,19-11-2021,Nov,Q4,2021,Benjamin Martinez,Carretera,England,494
12,Small Business,CUST_ID_012,PROD_ID_001,Low,"2,498.00",5,300,"7,49,400.00",7494,"7,41,906.00",741.91,"6,24,500.00","1,17,406.00",117.41,20-12-2021,Dec,Q4,2021,Mia Thomas,Montana,France,"2,498.00"
13,Enterprise,CUST_ID_013,PROD_ID_001,Low,663,5,125,"82,875.00",828.75,"82,046.25",82.05,"79,560.00","2,486.25",2.49,27-02-2021,Feb,Q1,2021,Logan Jackson,Montana,Germany,663
14,Channel Partners,CUST_ID_014,PROD_ID_002,Low,766,10,12,"9,192.00",91.92,"9,100.08",9.1,"2,298.00","6,802.08",6.8,10-07-2022,Jul,Q3,2021,Charlotte White,Paseo,Italy,766
15,Enterprise,CUST_ID_015,PROD_ID_003,Low,663,120,125,"82,875.00",828.75,"82,046.25",82.05,"79,560.00","2,486.25",2.49,29-03-2022,Mar,Q1,2021,Samuel Taylor,Velo,India,663
16,Government,CUST_ID_016,PROD_ID_003,Low,"2,092.00",120,7,"14,644.00",146.44,"14,497.56",14.5,"10,460.00","4,037.56",4.04,19-10-2022,Oct,Q4,2021,Harper Davis,Velo,Japan,"2,092.00"
17,Small Business,CUST_ID_017,PROD_ID_004,Low,494,250,300,"1,48,200.00",1482,"1,46,718.00",146.72,"1,23,500.00","23,218.00",23.22,31-07-2022,Jul,Q3,2021,Henry Anderson,VTT,USA,494
18,Channel Partners,CUST_ID_018,PROD_ID_006,Low,"1,989.00",260,12,"23,868.00",238.68,"23,629.32",23.63,"5,967.00","17,662.32",17.66,29-03-2022,Mar,Q1,2021,Amelia Garcia,Amarilla,Canada,"1,989.00"
19,Midmarket,CUST_ID_019,PROD_ID_006,Low,321,260,15,"4,815.00",48.15,"4,766.85",4.77,"3,210.00","1,556.85",1.56,27-07-2022,Jul,Q3,2021,Jackson Martinez,Amarilla,England,321
20,Small Business,CUST_ID_020,PROD_ID_005,Low,214,3,300,"64,200.00",1284,"62,916.00",62.92,"53,500.00","9,416.00",9.42,30-08-2021,Aug,Q3,2021,Abigail Robinson,Carretera,France,214
21,Government,CUST_ID_021,PROD_ID_005,Low,"2,145.00",3,7,"15,015.00",300.3,"14,714.70",14.71,"10,725.00","3,989.70",3.99,15-10-2021,Oct,Q4,2021,Aiden Lewis,Carretera,Germany,"2,145.00"
22,Enterprise,CUST_ID_022,PROD_ID_001,Low,"1,660.00",5,125,"2,07,500.00",4150,"2,03,350.00",203.35,"1,99,200.00","4,150.00",4.15,30-10-2022,Oct,Q4,2021,Emily Clark,Montana,Italy,"1,660.00"
23,Enterprise,CUST_ID_023,PROD_ID_002,Low,809,10,125,"1,01,125.00",2022.5,"99,102.50",99.1,"97,080.00","2,022.50",2.02,10-12-2021,Dec,Q4,2021,Sebastian Lee,Paseo,India,809
24,Enterprise,CUST_ID_024,PROD_ID_002,Low,"2,145.00",10,125,"2,68,125.00",5362.5,"2,62,762.50",262.76,"2,57,400.00","5,362.50",5.36,23-05-2021,May,Q2,2021,Elizabeth Green,Paseo,Japan,"2,145.00"
25,Channel Partners,CUST_ID_025,PROD_ID_002,Low,"1,785.00",10,12,"21,420.00",428.4,"20,991.60",20.99,"5,355.00","15,636.60",15.64,18-02-2021,Feb,Q1,2021,Alexander Perez,Paseo,USA,"1,785.00"
26,Midmarket,CUST_ID_026,PROD_ID_002,Low,"1,925.00",10,15,"28,875.00",577.5,"28,297.50",28.3,"19,250.00","9,047.50",9.05,28-01-2021,Jan,Q1,2021,Avery Turner,Paseo,Canada,"1,925.00"
27,Government,CUST_ID_027,PROD_ID_002,Low,"2,013.00",10,7,"14,091.00",281.82,"13,809.18",13.81,"10,065.00","3,744.18",3.74,21-12-2022,Dec,Q4,2021,Michael Hill,Paseo,England,"2,013.00"
28,Government,CUST_ID_028,PROD_ID_003,Low,"2,966.00",120,350,"10,38,100.00",20762,"10,17,338.00","1,017.34","7,71,160.00","2,46,178.00",246.18,13-01-2022,Jan,Q1,2021,Sofia Phillips,Velo,France,"2,966.00"
29,Enterprise,CUST_ID_029,PROD_ID_003,Low,809,120,125,"1,01,125.00",2022.5,"99,102.50",99.1,"97,080.00","2,022.50",2.02,08-11-2022,Nov,Q4,2021,Elijah Martin,Velo,Germany,809
30,Enterprise,CUST_ID_030,PROD_ID_003,Low,"2,145.00",120,125,"2,68,125.00",5362.5,"2,62,762.50",262.76,"2,57,400.00","5,362.50",5.36,19-01-2021,Jan,Q1,2021,Sophia Turner,Velo,Italy,"2,145.00"
31,Government,CUST_ID_031,PROD_ID_003,Low,544,120,20,"10,880.00",217.6,"10,662.40",10.66,"5,440.00","5,222.40",5.22,30-07-2021,Jul,Q3,2021,Benjamin Lee,Velo,India,544
32,Small Business,CUST_ID_032,PROD_ID_004,Low,214,250,300,"64,200.00",1284,"62,916.00",62.92,"53,500.00","9,416.00",9.42,21-02-2021,Feb,Q1,2021,Mia White,VTT,Japan,214
33,Government,CUST_ID_033,PROD_ID_004,Low,266,250,350,"93,100.00",1862,"91,238.00",91.24,"69,160.00","22,078.00",22.08,28-01-2022,Jan,Q1,2021,Logan Garcia,VTT,USA,266
34,Government,CUST_ID_034,PROD_ID_004,Low,"1,940.00",250,350,"6,79,000.00",13580,"6,65,420.00",665.42,"5,04,400.00","1,61,020.00",161.02,12-01-2022,Jan,Q1,2021,Charlotte Davis,VTT,Canada,"1,940.00"
35,Government,CUST_ID_035,PROD_ID_006,Low,"2,966.00",260,350,"10,38,100.00",20762,"10,17,338.00","1,017.34","7,71,160.00","2,46,178.00",246.18,01-07-2022,Jul,Q3,2021,Samuel Johnson,Amarilla,England,"2,966.00"
36,Channel Partners,CUST_ID_036,PROD_ID_005,Low,908,3,12,"10,896.00",326.88,"10,569.12",10.57,"2,724.00","7,845.12",7.85,11-12-2022,Dec,Q4,2021,Harper Anderson,Carretera,France,908
37,Government,CUST_ID_037,PROD_ID_001,Low,"1,797.00",5,350,"6,28,950.00",18868.5,"6,10,081.50",610.08,"4,67,220.00","1,42,861.50",142.86,16-05-2021,May,Q2,2021,Henry Martinez,Montana,Germany,"1,797.00"
38,Midmarket,CUST_ID_038,PROD_ID_002,Low,"1,945.00",10,15,"29,175.00",875.25,"28,299.75",28.3,"19,450.00","8,849.75",8.85,02-05-2022,May,Q2,2021,Amelia Wilson,Paseo,Italy,"1,945.00"
39,Midmarket,CUST_ID_039,PROD_ID_004,Low,"1,945.00",250,15,"29,175.00",875.25,"28,299.75",28.3,"19,450.00","8,849.75",8.85,02-04-2022,Apr,Q2,2021,Jackson Turner,VTT,India,"1,945.00"
40,Government,CUST_ID_040,PROD_ID_002,Low,"1,760.00",10,7,"12,320.00",369.6,"11,950.40",11.95,"8,800.00","3,150.40",3.15,03-11-2021,Nov,Q4,2021,Abigail Lewis,Paseo,Japan,"1,760.00"
41,Midmarket,CUST_ID_002,PROD_ID_002,Low,"2,261.00",10,15,"33,915.00",1356.6,"32,558.40",32.56,"22,610.00","9,948.40",9.95,10-04-2022,Apr,Q2,2021,Emma Johnson,Paseo,Canada,"2,261.00"
42,Government,CUST_ID_041,PROD_ID_003,Low,736,120,20,"14,720.00",588.8,"14,131.20",14.13,"7,360.00","6,771.20",6.77,12-07-2022,Jul,Q3,2021,Aiden Clark,Velo,USA,736
43,Government,CUST_ID_042,PROD_ID_005,Low,"2,851.00",3,7,"19,957.00",798.28,"19,158.72",19.16,"14,255.00","4,903.72",4.9,20-12-2022,Dec,Q4,2021,Emily Garcia,Carretera,Canada,"2,851.00"
44,Government,CUST_ID_043,PROD_ID_001,Low,"2,851.00",5,7,"19,957.00",798.28,"19,158.72",19.16,"14,255.00","4,903.72",4.9,14-07-2021,Jul,Q3,2021,Sebastian Phillips,Montana,England,"2,851.00"
45,Midmarket,CUST_ID_026,PROD_ID_002,Low,671,10,15,"10,065.00",402.6,"9,662.40",9.66,"6,710.00","2,952.40",2.95,15-01-2021,Jan,Q1,2021,Avery Turner,Paseo,Canada,671
46,Midmarket,CUST_ID_044,PROD_ID_002,Low,"1,514.00",10,15,"22,710.00",908.4,"21,801.60",21.8,"15,140.00","6,661.60",6.66,22-03-2022,Mar,Q1,2021,Elizabeth Martin,Paseo,France,"1,514.00"
47,Government,CUST_ID_016,PROD_ID_003,Low,"2,646.00",120,20,"52,920.00",2116.8,"50,803.20",50.8,"26,460.00","24,343.20",24.34,05-06-2022,Jun,Q2,2021,Harper Davis,Velo,Japan,"2,646.00"
48,Government,CUST_ID_033,PROD_ID_004,Low,349,250,350,"1,22,150.00",4886,"1,17,264.00",117.26,"90,740.00","26,524.00",26.52,16-02-2021,Feb,Q1,2021,Logan Garcia,VTT,USA,349
49,Midmarket,CUST_ID_045,PROD_ID_004,Low,"1,514.00",250,15,"22,710.00",908.4,"21,801.60",21.8,"15,140.00","6,661.60",6.66,15-09-2021,Sep,Q3,2021,Alexander Hill,VTT,Germany,"1,514.00"
50,Midmarket,CUST_ID_046,PROD_ID_006,Low,671,260,15,"10,065.00",402.6,"9,662.40",9.66,"6,710.00","2,952.40",2.95,19-10-2022,Oct,Q4,2021,Avery Anderson,Amarilla,Italy,671
51,Government,CUST_ID_047,PROD_ID_006,Low,"1,778.00",260,350,"6,22,300.00",24892,"5,97,408.00",597.41,"4,62,280.00","1,35,128.00",135.13,31-12-2021,Dec,Q4,2021,Michael Wilson,Amarilla,India,"1,778.00"
52,Government,CUST_ID_037,PROD_ID_001,Medium,"1,159.00",5,7,"8,113.00",405.65,"7,707.35",7.71,"5,795.00","1,912.35",1.91,17-08-2022,Aug,Q3,2021,Henry Martinez,Montana,Germany,"1,159.00"
53,Government,CUST_ID_004,PROD_ID_002,Medium,"2,349.00",10,7,"16,443.00",822.15,"15,620.85",15.62,"11,745.00","3,875.85",3.88,28-09-2022,Sep,Q3,2021,Olivia Brown,Paseo,France,"2,349.00"
54,Government,CUST_ID_035,PROD_ID_006,Medium,"1,159.00",260,7,"8,113.00",405.65,"7,707.35",7.71,"5,795.00","1,912.35",1.91,28-03-2021,Mar,Q1,2021,Samuel Johnson,Amarilla,England,"1,159.00"
55,Government,CUST_ID_048,PROD_ID_005,Medium,"1,016.00",3,7,"7,112.00",355.6,"6,756.40",6.76,"5,080.00","1,676.40",1.68,24-05-2022,May,Q2,2021,Sofia Turner,Carretera,Japan,"1,016.00"
56,Government,CUST_ID_049,PROD_ID_001,Medium,720,5,350,"2,52,000.00",12600,"2,39,400.00",239.4,"1,87,200.00","52,200.00",52.2,08-04-2021,Apr,Q2,2021,Elijah Perez,Montana,USA,720
57,Small Business,CUST_ID_050,PROD_ID_001,Medium,"1,100.00",5,300,"3,30,000.00",16500,"3,13,500.00",313.5,"2,75,000.00","38,500.00",38.5,20-01-2021,Jan,Q1,2021,Mia Hill,Montana,Canada,"1,100.00"
58,Government,CUST_ID_004,PROD_ID_002,Medium,"1,228.00",10,350,"4,29,800.00",21490,"4,08,310.00",408.31,"3,19,280.00","89,030.00",89.03,09-01-2021,Jan,Q1,2021,Olivia Brown,Paseo,France,"1,228.00"
59,Government,CUST_ID_004,PROD_ID_002,Medium,"1,389.00",10,20,"27,780.00",1389,"26,391.00",26.39,"13,890.00","12,501.00",12.5,16-12-2021,Dec,Q4,2021,Olivia Brown,Paseo,France,"1,389.00"
60,Enterprise,CUST_ID_051,PROD_ID_002,Medium,704,10,125,"88,000.00",4400,"83,600.00",83.6,"84,480.00",-880,-0.88,25-07-2021,Jul,Q3,2021,Logan Phillips,Paseo,England,704
61,Government,CUST_ID_004,PROD_ID_002,Medium,"1,802.00",10,20,"36,040.00",1802,"34,238.00",34.24,"18,020.00","16,218.00",16.22,30-09-2021,Sep,Q3,2021,Olivia Brown,Paseo,France,"1,802.00"
62,Government,CUST_ID_052,PROD_ID_002,Medium,"2,136.00",10,7,"14,952.00",747.6,"14,204.40",14.2,"10,680.00","3,524.40",3.52,22-07-2021,Jul,Q3,2021,Charlotte Martin,Paseo,France,"2,136.00"
63,Midmarket,CUST_ID_038,PROD_ID_002,Medium,"2,116.00",10,15,"31,740.00",1587,"30,153.00",30.15,"21,160.00","8,993.00",8.99,16-03-2022,Mar,Q1,2021,Amelia Wilson,Paseo,Italy,"2,116.00"
64,Enterprise,CUST_ID_053,PROD_ID_003,Medium,704,120,125,"88,000.00",4400,"83,600.00",83.6,"84,480.00",-880,-0.88,25-04-2021,Apr,Q2,2021,Samuel Hill,Velo,Germany,704
65,Government,CUST_ID_054,PROD_ID_003,Medium,"1,033.00",120,20,"20,660.00",1033,"19,627.00",19.63,"10,330.00","9,297.00",9.3,28-10-2022,Oct,Q4,2021,Harper Wilson,Velo,Italy,"1,033.00"
66,Government,CUST_ID_055,PROD_ID_004,Medium,"1,389.00",250,20,"27,780.00",1389,"26,391.00",26.39,"13,890.00","12,501.00",12.5,07-09-2021,Sep,Q3,2021,Henry Turner,VTT,India,"1,389.00"
67,Government,CUST_ID_033,PROD_ID_004,Medium,"1,265.00",250,20,"25,300.00",1265,"24,035.00",24.04,"12,650.00","11,385.00",11.39,03-07-2021,Jul,Q3,2021,Logan Garcia,VTT,USA,"1,265.00"
68,Government,CUST_ID_056,PROD_ID_004,Medium,"2,297.00",250,20,"45,940.00",2297,"43,643.00",43.64,"22,970.00","20,673.00",20.67,31-07-2021,Jul,Q3,2021,Amelia Perez,VTT,Japan,"2,297.00"
69,Government,CUST_ID_047,PROD_ID_006,Medium,"1,228.00",260,350,"4,29,800.00",21490,"4,08,310.00",408.31,"3,19,280.00","89,030.00",89.03,11-01-2022,Jan,Q1,2021,Michael Wilson,Amarilla,India,"1,228.00"
70,Channel Partners,CUST_ID_036,PROD_ID_005,Medium,"2,299.00",3,12,"27,588.00",1655.28,"25,932.72",25.93,"6,897.00","19,035.72",19.04,01-01-2022,Jan,Q1,2021,Harper Anderson,Carretera,France,"2,299.00"
71,Government,CUST_ID_057,PROD_ID_005,Medium,263,3,7,"1,841.00",110.46,"1,730.54",1.73,"1,315.00",415.54,0.42,15-04-2021,Apr,Q2,2021,Jackson Hill,Carretera,USA,263
72,Enterprise,CUST_ID_058,PROD_ID_005,Medium,887,3,125,"1,10,875.00",6652.5,"1,04,222.50",104.22,"1,06,440.00","-2,217.50",-2.22,16-08-2022,Aug,Q3,2021,Abigail Phillips,Carretera,Canada,887
73,Government,CUST_ID_059,PROD_ID_001,Medium,"1,403.00",5,7,"9,821.00",589.26,"9,231.74",9.23,"7,015.00","2,216.74",2.22,25-09-2022,Sep,Q3,2021,Aiden Martin,Montana,England,"1,403.00"
74,Channel Partners,CUST_ID_060,PROD_ID_002,Medium,"2,299.00",10,12,"27,588.00",1655.28,"25,932.72",25.93,"6,897.00","19,035.72",19.04,25-04-2021,Apr,Q2,2021,Emily Garcia,Paseo,France,"2,299.00"
75,Government,CUST_ID_027,PROD_ID_002,Medium,727,10,350,"2,54,450.00",15267,"2,39,183.00",239.18,"1,89,020.00","50,163.00",50.16,19-04-2022,Apr,Q2,2021,Michael Hill,Paseo,England,727
76,Small Business,CUST_ID_061,PROD_ID_003,Medium,"1,221.00",120,300,"3,66,300.00",21978,"3,44,322.00",344.32,"3,05,250.00","39,072.00",39.07,25-05-2021,May,Q2,2021,Benjamin Martin,Velo,Germany,"1,221.00"
77,Government,CUST_ID_054,PROD_ID_003,Medium,"2,076.00",120,350,"7,26,600.00",43596,"6,83,004.00",683,"5,39,760.00","1,43,244.00",143.24,24-09-2021,Sep,Q3,2021,Harper Wilson,Velo,Italy,"2,076.00"
78,Small Business,CUST_ID_062,PROD_ID_004,Medium,"1,221.00",250,300,"3,66,300.00",21978,"3,44,322.00",344.32,"3,05,250.00","39,072.00",39.07,20-08-2021,Aug,Q3,2021,Mia Lewis,VTT,Italy,"1,221.00"
79,Government,CUST_ID_034,PROD_ID_004,Medium,"1,123.00",250,20,"22,460.00",1347.6,"21,112.40",21.11,"11,230.00","9,882.40",9.88,25-07-2022,Jul,Q3,2021,Charlotte Davis,VTT,Canada,"1,123.00"
80,Small Business,CUST_ID_063,PROD_ID_004,Medium,"2,436.00",250,300,"7,30,800.00",43848,"6,86,952.00",686.95,"6,09,000.00","77,952.00",77.95,05-03-2021,Mar,Q1,2021,Logan Clark,VTT,India,"2,436.00"
81,Government,CUST_ID_064,PROD_ID_006,Medium,727,260,350,"2,54,450.00",15267,"2,39,183.00",239.18,"1,89,020.00","50,163.00",50.16,21-02-2022,Feb,Q1,2021,Charlotte Anderson,Amarilla,Japan,727
82,Government,CUST_ID_065,PROD_ID_006,Medium,"1,403.00",260,7,"9,821.00",589.26,"9,231.74",9.23,"7,015.00","2,216.74",2.22,08-09-2021,Sep,Q3,2021,Samuel Wilson,Amarilla,USA,"1,403.00"
83,Government,CUST_ID_065,PROD_ID_006,Medium,"2,076.00",260,350,"7,26,600.00",43596,"6,83,004.00",683,"5,39,760.00","1,43,244.00",143.24,21-08-2022,Aug,Q3,2021,Samuel Wilson,Amarilla,USA,"2,076.00"
84,Government,CUST_ID_059,PROD_ID_001,Medium,"1,757.00",5,20,"35,140.00",2108.4,"33,031.60",33.03,"17,570.00","15,461.60",15.46,18-05-2022,May,Q2,2021,Aiden Martin,Montana,England,"1,757.00"
85,Government,CUST_ID_052,PROD_ID_002,Medium,"1,757.00",10,20,"35,140.00",2108.4,"33,031.60",33.03,"17,570.00","15,461.60",15.46,29-08-2022,Aug,Q3,2021,Charlotte Martin,Paseo,France,"1,757.00"
86,Government,CUST_ID_066,PROD_ID_005,Medium,"1,834.00",3,20,"36,680.00",2567.6,"34,112.40",34.11,"18,340.00","15,772.40",15.77,23-04-2022,Apr,Q2,2021,Harper Turner,Carretera,Canada,"1,834.00"
87,Government,CUST_ID_052,PROD_ID_002,Medium,"1,031.00",10,7,"7,217.00",505.19,"6,711.81",6.71,"5,155.00","1,556.81",1.56,06-02-2022,Feb,Q1,2021,Charlotte Martin,Paseo,France,"1,031.00"
88,Channel Partners,CUST_ID_067,PROD_ID_004,Medium,"2,215.00",250,12,"26,580.00",1860.6,"24,719.40",24.72,"6,645.00","18,074.40",18.07,02-01-2021,Jan,Q1,2021,Henry Phillips,VTT,England,"2,215.00"
89,Enterprise,CUST_ID_068,PROD_ID_001,Medium,"2,500.00",5,125,"3,12,500.00",21875,"2,90,625.00",290.63,"3,00,000.00","-9,375.00",-9.38,13-03-2021,Mar,Q1,2021,Amelia Martin,Montana,France,"2,500.00"
90,Midmarket,CUST_ID_026,PROD_ID_002,Medium,"2,931.00",10,15,"43,965.00",3077.55,"40,887.45",40.89,"29,310.00","11,577.45",11.58,12-09-2021,Sep,Q3,2021,Avery Turner,Paseo,Canada,"2,931.00"
91,Small Business,CUST_ID_069,PROD_ID_002,Medium,"1,123.00",10,300,"3,36,900.00",23583,"3,13,317.00",313.32,"2,80,750.00","32,567.00",32.57,16-06-2021,Jun,Q2,2021,Jackson Hill,Paseo,Germany,"1,123.00"
92,Small Business,CUST_ID_070,PROD_ID_002,Medium,"1,404.00",10,300,"4,21,200.00",29484,"3,91,716.00",391.72,"3,51,000.00","40,716.00",40.72,19-05-2022,May,Q2,2021,Abigail Garcia,Paseo,Italy,"1,404.00"
93,Channel Partners,CUST_ID_071,PROD_ID_002,Medium,"2,763.00",10,12,"33,156.00",2320.92,"30,835.08",30.84,"8,289.00","22,546.08",22.55,07-04-2021,Apr,Q2,2021,Aiden Perez,Paseo,India,"2,763.00"
94,Government,CUST_ID_072,PROD_ID_002,Medium,"2,125.00",10,7,"14,875.00",1041.25,"13,833.75",13.83,"10,625.00","3,208.75",3.21,14-06-2022,Jun,Q2,2021,Emily Hill,Paseo,Japan,"2,125.00"
95,Government,CUST_ID_041,PROD_ID_003,Medium,"1,421.00",120,20,"28,420.00",1989.4,"26,430.60",26.43,"14,210.00","12,220.60",12.22,11-02-2022,Feb,Q1,2021,Aiden Clark,Velo,USA,"1,421.00"
96,Government,CUST_ID_028,PROD_ID_003,Medium,588,120,20,"11,760.00",823.2,"10,936.80",10.94,"5,880.00","5,056.80",5.06,05-05-2022,May,Q2,2021,Sofia Phillips,Velo,France,588
97,Enterprise,CUST_ID_073,PROD_ID_006,Medium,994,260,125,"1,24,250.00",8697.5,"1,15,552.50",115.55,"1,19,280.00","-3,727.50",-3.73,06-06-2022,Jun,Q2,2021,Benjamin Phillips,Amarilla,USA,994
98,Small Business,CUST_ID_074,PROD_ID_001,Medium,"1,283.00",5,300,"3,84,900.00",30792,"3,54,108.00",354.11,"3,20,750.00","33,358.00",33.36,13-08-2021,Aug,Q3,2021,Mia Turner,Montana,Canada,"1,283.00"
99,Government,CUST_ID_072,PROD_ID_002,Medium,"2,409.00",10,7,"16,863.00",1349.04,"15,513.96",15.51,"12,045.00","3,468.96",3.47,14-11-2022,Nov,Q4,2021,Emily Hill,Paseo,Japan,"2,409.00"
100,Government,CUST_ID_072,PROD_ID_002,Medium,"2,146.00",10,350,"7,51,100.00",60088,"6,91,012.00",691.01,"5,57,960.00","1,33,052.00",133.05,21-10-2021,Oct,Q4,2021,Emily Hill,Paseo,Japan,"2,146.00"
101,Government,CUST_ID_040,PROD_ID_002,Medium,"1,946.00",10,7,"13,622.00",1089.76,"12,532.24",12.53,"9,730.00","2,802.24",2.8,16-02-2021,Feb,Q1,2021,Abigail Lewis,Paseo,Japan,"1,946.00"
102,Small Business,CUST_ID_061,PROD_ID_003,Medium,386,120,300,"1,15,800.00",9264,"1,06,536.00",106.54,"96,500.00","10,036.00",10.04,12-11-2022,Nov,Q4,2021,Benjamin Martin,Velo,Germany,386
103,Small Business,CUST_ID_075,PROD_ID_004,Medium,808,250,300,"2,42,400.00",19392,"2,23,008.00",223.01,"2,02,000.00","21,008.00",21.01,30-06-2022,Jun,Q2,2021,Logan Martin,VTT,England,808
104,Channel Partners,CUST_ID_076,PROD_ID_006,Medium,"1,375.00",260,12,"16,500.00",1320,"15,180.00",15.18,"4,125.00","11,055.00",11.06,07-10-2022,Oct,Q4,2021,Charlotte Garcia,Amarilla,France,"1,375.00"
105,Channel Partners,CUST_ID_077,PROD_ID_005,Medium,367,3,12,"4,404.00",396.36,"4,007.64",4.01,"1,101.00","2,906.64",2.91,17-02-2022,Feb,Q1,2021,Samuel Phillips,Carretera,Germany,367
106,Small Business,CUST_ID_078,PROD_ID_001,Medium,322,5,300,"96,600.00",8694,"87,906.00",87.91,"80,500.00","7,406.00",7.41,14-06-2021,Jun,Q2,2021,Harper Hill,Montana,Italy,322
107,Enterprise,CUST_ID_079,PROD_ID_001,Medium,"1,857.00",5,125,"2,32,125.00",20891.25,"2,11,233.75",211.23,"2,22,840.00","-11,606.25",-11.61,29-04-2022,Apr,Q2,2021,Henry Turner,Montana,India,"1,857.00"
108,Government,CUST_ID_043,PROD_ID_001,Medium,"1,611.00",5,7,"11,277.00",1014.93,"10,262.07",10.26,"8,055.00","2,207.07",2.21,30-11-2022,Nov,Q4,2021,Sebastian Phillips,Montana,England,"1,611.00"
109,Small Business,CUST_ID_080,PROD_ID_001,Medium,334,5,300,"1,00,200.00",9018,"91,182.00",91.18,"83,500.00","7,682.00",7.68,19-03-2022,Mar,Q1,2021,Amelia Martin,Montana,Japan,334
110,Channel Partners,CUST_ID_071,PROD_ID_002,Medium,367,10,12,"4,404.00",396.36,"4,007.64",4.01,"1,101.00","2,906.64",2.91,25-06-2022,Jun,Q2,2021,Aiden Perez,Paseo,India,367
111,Channel Partners,CUST_ID_014,PROD_ID_002,Medium,"1,775.00",10,12,"21,300.00",1917,"19,383.00",19.38,"5,325.00","14,058.00",14.06,09-03-2022,Mar,Q1,2021,Charlotte White,Paseo,Italy,"1,775.00"
112,Channel Partners,CUST_ID_081,PROD_ID_004,Medium,"2,234.00",250,12,"26,808.00",2412.72,"24,395.28",24.4,"6,702.00","17,693.28",17.69,11-07-2021,Jul,Q3,2021,Jackson Lewis,VTT,USA,"2,234.00"
113,Midmarket,CUST_ID_082,PROD_ID_006,Medium,970,260,15,"14,550.00",1309.5,"13,240.50",13.24,"9,700.00","3,540.50",3.54,16-08-2022,Aug,Q3,2021,Abigail Clark,Amarilla,Canada,970
114,Government,CUST_ID_008,PROD_ID_004,Medium,"2,682.00",250,20,"53,640.00",4827.6,"48,812.40",48.81,"26,820.00","21,992.40",21.99,20-01-2022,Jan,Q1,2021,Isabella Wilson,VTT,Japan,"2,682.00"
115,Channel Partners,CUST_ID_083,PROD_ID_006,Medium,306,260,12,"3,672.00",330.48,"3,341.52",3.34,918,"2,423.52",2.42,12-11-2021,Nov,Q4,2021,Aiden Anderson,Amarilla,England,306
116,Channel Partners,CUST_ID_084,PROD_ID_005,High,386,3,12,"4,632.00",463.2,"4,168.80",4.17,"1,158.00","3,010.80",3.01,21-08-2022,Aug,Q3,2021,Emily Martin,Carretera,France,386
117,Channel Partners,CUST_ID_005,PROD_ID_002,High,386,10,12,"4,632.00",463.2,"4,168.80",4.17,"1,158.00","3,010.80",3.01,13-01-2022,Jan,Q1,2021,Liam Jones,Paseo,Germany,386
118,Enterprise,CUST_ID_085,PROD_ID_005,High,"1,482.00",3,125,"1,85,250.00",18525,"1,66,725.00",166.73,"1,77,840.00","-11,115.00",-11.12,28-04-2022,Apr,Q2,2021,Benjamin Garcia,Carretera,Germany,"1,482.00"
119,Enterprise,CUST_ID_013,PROD_ID_001,High,"1,804.00",5,125,"2,25,500.00",22550,"2,02,950.00",202.95,"2,16,480.00","-13,530.00",-13.53,21-04-2022,Apr,Q2,2021,Logan Jackson,Montana,Germany,"1,804.00"
120,Midmarket,CUST_ID_002,PROD_ID_002,High,"2,167.00",10,15,"32,505.00",3250.5,"29,254.50",29.25,"21,670.00","7,584.50",7.58,25-09-2021,Sep,Q3,2021,Emma Johnson,Paseo,Canada,"2,167.00"
121,Small Business,CUST_ID_086,PROD_ID_003,High,"2,294.00",120,300,"6,88,200.00",68820,"6,19,380.00",619.38,"5,73,500.00","45,880.00",45.88,11-04-2022,Apr,Q2,2021,Mia Hill,Velo,Italy,"2,294.00"
122,Enterprise,CUST_ID_007,PROD_ID_003,High,"1,916.00",120,125,"2,39,500.00",23950,"2,15,550.00",215.55,"2,29,920.00","-14,370.00",-14.37,08-02-2021,Feb,Q1,2021,Ethan Miller,Velo,India,"1,916.00"
123,Small Business,CUST_ID_075,PROD_ID_004,High,"2,294.00",250,300,"6,88,200.00",68820,"6,19,380.00",619.38,"5,73,500.00","45,880.00",45.88,18-06-2022,Jun,Q2,2021,Logan Martin,VTT,England,"2,294.00"
124,Midmarket,CUST_ID_087,PROD_ID_004,High,"2,167.00",250,15,"32,505.00",3250.5,"29,254.50",29.25,"21,670.00","7,584.50",7.58,11-08-2022,Aug,Q3,2021,Logan Phillips,VTT,India,"2,167.00"
125,Government,CUST_ID_056,PROD_ID_004,High,"1,870.00",250,350,"6,54,500.00",65450,"5,89,050.00",589.05,"4,86,200.00","1,02,850.00",102.85,23-07-2022,Jul,Q3,2021,Amelia Perez,VTT,Japan,"1,870.00"
126,Channel Partners,CUST_ID_088,PROD_ID_005,High,"1,198.00",3,12,"14,376.00",1581.36,"12,794.64",12.79,"3,594.00","9,200.64",9.2,21-04-2022,Apr,Q2,2021,Charlotte Hill,Carretera,Japan,"1,198.00"
127,Channel Partners,CUST_ID_025,PROD_ID_002,High,"1,198.00",10,12,"14,376.00",1581.36,"12,794.64",12.79,"3,594.00","9,200.64",9.2,26-04-2022,Apr,Q2,2021,Alexander Perez,Paseo,USA,"1,198.00"
128,Channel Partners,CUST_ID_089,PROD_ID_004,High,"1,005.00",250,12,"12,060.00",1326.6,"10,733.40",10.73,"3,015.00","7,718.40",7.72,22-06-2021,Jun,Q2,2021,Samuel Turner,VTT,USA,"1,005.00"
129,Midmarket,CUST_ID_090,PROD_ID_005,High,"1,560.00",3,15,"23,400.00",2574,"20,826.00",20.83,"15,600.00","5,226.00",5.23,23-01-2021,Jan,Q1,2021,Harper Martin,Carretera,Canada,"1,560.00"
130,Government,CUST_ID_066,PROD_ID_005,High,"2,706.00",3,7,"18,942.00",2083.62,"16,858.38",16.86,"13,530.00","3,328.38",3.33,25-03-2022,Mar,Q1,2021,Harper Turner,Carretera,Canada,"2,706.00"
131,Government,CUST_ID_037,PROD_ID_001,High,"2,992.00",5,20,"59,840.00",6582.4,"53,257.60",53.26,"29,920.00","23,337.60",23.34,30-12-2022,Dec,Q4,2021,Henry Martinez,Montana,Germany,"2,992.00"
132,Government,CUST_ID_072,PROD_ID_002,High,"2,992.00",10,20,"59,840.00",6582.4,"53,257.60",53.26,"29,920.00","23,337.60",23.34,15-04-2022,Apr,Q2,2021,Emily Hill,Paseo,Japan,"2,992.00"
133,Government,CUST_ID_054,PROD_ID_003,High,"2,805.00",120,20,"56,100.00",6171,"49,929.00",49.93,"28,050.00","21,879.00",21.88,09-10-2021,Oct,Q4,2021,Harper Wilson,Velo,Italy,"2,805.00"
134,Midmarket,CUST_ID_091,PROD_ID_003,High,655,120,15,"9,825.00",1080.75,"8,744.25",8.74,"6,550.00","2,194.25",2.19,31-10-2021,Oct,Q4,2021,Henry Garcia,Velo,England,655
135,Government,CUST_ID_031,PROD_ID_003,High,344,120,350,"1,20,400.00",13244,"1,07,156.00",107.16,"89,440.00","17,716.00",17.72,03-04-2022,Apr,Q2,2021,Benjamin Lee,Velo,India,344
136,Government,CUST_ID_055,PROD_ID_004,High,"2,935.00",250,20,"58,700.00",6457,"52,243.00",52.24,"29,350.00","22,893.00",22.89,09-03-2022,Mar,Q1,2021,Henry Turner,VTT,India,"2,935.00"
137,Enterprise,CUST_ID_092,PROD_ID_006,High,947,260,125,"1,18,375.00",13021.25,"1,05,353.75",105.35,"1,13,640.00","-8,286.25",-8.29,24-10-2021,Oct,Q4,2021,Amelia Phillips,Amarilla,France,947
138,Government,CUST_ID_093,PROD_ID_006,High,344,260,350,"1,20,400.00",13244,"1,07,156.00",107.16,"89,440.00","17,716.00",17.72,03-10-2022,Oct,Q4,2021,Jackson Hill,Amarilla,Germany,344
139,Government,CUST_ID_027,PROD_ID_002,High,380,10,7,"2,660.00",292.6,"2,367.40",2.37,"1,900.00",467.4,0.47,30-04-2022,Apr,Q2,2021,Michael Hill,Paseo,England,380
140,Enterprise,CUST_ID_094,PROD_ID_005,High,"2,416.00",3,125,"3,02,000.00",36240,"2,65,760.00",265.76,"2,89,920.00","-24,160.00",-24.16,11-11-2021,Nov,Q4,2021,Abigail Martin,Carretera,Italy,"2,416.00"
141,Government,CUST_ID_049,PROD_ID_001,High,"1,715.00",5,20,"34,300.00",4116,"30,184.00",30.18,"17,150.00","13,034.00",13.03,12-12-2022,Dec,Q4,2021,Elijah Perez,Montana,USA,"1,715.00"
142,Small Business,CUST_ID_078,PROD_ID_001,High,"1,186.00",5,300,"3,55,800.00",42696,"3,13,104.00",313.1,"2,96,500.00","16,604.00",16.6,17-07-2022,Jul,Q3,2021,Harper Hill,Montana,Italy,"1,186.00"
143,Government,CUST_ID_040,PROD_ID_002,High,"1,715.00",10,20,"34,300.00",4116,"30,184.00",30.18,"17,150.00","13,034.00",13.03,19-10-2022,Oct,Q4,2021,Abigail Lewis,Paseo,Japan,"1,715.00"
144,Midmarket,CUST_ID_044,PROD_ID_002,High,380,10,15,"5,700.00",684,"5,016.00",5.02,"3,800.00","1,216.00",1.22,17-05-2022,May,Q2,2021,Elizabeth Martin,Paseo,France,380
145,Government,CUST_ID_055,PROD_ID_004,High,623,250,350,"2,18,050.00",26166,"1,91,884.00",191.88,"1,61,980.00","29,904.00",29.9,28-02-2021,Feb,Q1,2021,Henry Turner,VTT,India,623
146,Midmarket,CUST_ID_046,PROD_ID_006,High,"2,548.00",260,15,"38,220.00",4586.4,"33,633.60",33.63,"25,480.00","8,153.60",8.15,16-12-2021,Dec,Q4,2021,Avery Anderson,Amarilla,Italy,"2,548.00"
147,Channel Partners,CUST_ID_095,PROD_ID_006,High,"2,761.00",260,12,"33,132.00",3975.84,"29,156.16",29.16,"8,283.00","20,873.16",20.87,07-01-2021,Jan,Q1,2021,Aiden Garcia,Amarilla,India,"2,761.00"
148,Government,CUST_ID_048,PROD_ID_005,High,442,3,20,"8,840.00",1149.2,"7,690.80",7.69,"4,420.00","3,270.80",3.27,22-03-2021,Mar,Q1,2021,Sofia Turner,Carretera,Japan,442
149,Midmarket,CUST_ID_096,PROD_ID_003,High,660,120,15,"9,900.00",1287,"8,613.00",8.61,"6,600.00","2,013.00",2.01,04-07-2022,Jul,Q3,2021,Emily Phillips,Velo,Japan,660
150,Small Business,CUST_ID_097,PROD_ID_003,High,"2,605.00",120,300,"7,81,500.00",101595,"6,79,905.00",679.91,"6,51,250.00","28,655.00",28.66,21-08-2022,Aug,Q3,2021,Benjamin Hill,Velo,USA,"2,605.00"
151,Channel Partners,CUST_ID_098,PROD_ID_006,High,"1,770.00",260,12,"21,240.00",2761.2,"18,478.80",18.48,"5,310.00","13,168.80",13.17,21-01-2021,Jan,Q1,2021,Mia Turner,Amarilla,Canada,"1,770.00"
152,Government,CUST_ID_057,PROD_ID_005,High,"2,996.00",3,7,"20,972.00",2936.08,"18,035.92",18.04,"14,980.00","3,055.92",3.06,04-06-2021,Jun,Q2,2021,Jackson Hill,Carretera,USA,"2,996.00"
153,Government,CUST_ID_099,PROD_ID_001,High,"2,996.00",5,7,"20,972.00",2936.08,"18,035.92",18.04,"14,980.00","3,055.92",3.06,06-03-2022,Mar,Q1,2021,Logan Martin,Montana,England,"2,996.00"
154,Channel Partners,CUST_ID_018,PROD_ID_006,High,"2,015.00",260,12,"24,180.00",3385.2,"20,794.80",20.79,"6,045.00","14,749.80",14.75,07-08-2022,Aug,Q3,2021,Amelia Garcia,Amarilla,Canada,"2,015.00"
155,Enterprise,CUST_ID_085,PROD_ID_005,High,"1,023.00",3,125,"1,27,875.00",17902.5,"1,09,972.50",109.97,"1,22,760.00","-12,787.50",-12.79,28-03-2021,Mar,Q1,2021,Benjamin Garcia,Carretera,Germany,"1,023.00"
156,Enterprise,CUST_ID_100,PROD_ID_005,High,"2,821.00",3,125,"3,52,625.00",49367.5,"3,03,257.50",303.26,"3,38,520.00","-35,262.50",-35.26,08-07-2022,Jul,Q3,2021,Charlotte Garcia,Carretera,France,"2,821.00"
157,Government,CUST_ID_049,PROD_ID_001,High,"1,727.00",5,7,"12,089.00",1692.46,"10,396.54",10.4,"8,635.00","1,761.54",1.76,16-11-2021,Nov,Q4,2021,Elijah Perez,Montana,USA,"1,727.00"
158,Midmarket,CUST_ID_006,PROD_ID_002,High,"2,470.00",10,15,"37,050.00",5187,"31,863.00",31.86,"24,700.00","7,163.00",7.16,01-04-2021,Apr,Q2,2021,Ava Davis,Paseo,Italy,"2,470.00"
159,Midmarket,CUST_ID_006,PROD_ID_002,High,"1,743.00",10,15,"26,145.00",3660.3,"22,484.70",22.48,"17,430.00","5,054.70",5.05,22-04-2022,Apr,Q2,2021,Ava Davis,Paseo,Italy,"1,743.00"
160,Channel Partners,CUST_ID_060,PROD_ID_002,High,"2,222.00",10,12,"26,664.00",3732.96,"22,931.04",22.93,"6,666.00","16,265.04",16.27,01-05-2021,May,Q2,2021,Emily Garcia,Paseo,France,"2,222.00"
161,Government,CUST_ID_052,PROD_ID_002,High,"1,922.00",10,350,"6,72,700.00",94178,"5,78,522.00",578.52,"4,99,720.00","78,802.00",78.8,19-06-2022,Jun,Q2,2021,Charlotte Martin,Paseo,France,"1,922.00"
162,Small Business,CUST_ID_101,PROD_ID_003,High,269,120,300,"80,700.00",11298,"69,402.00",69.4,"67,250.00","2,152.00",2.15,08-01-2022,Jan,Q1,2021,Samuel Hill,Velo,Germany,269
163,Small Business,CUST_ID_102,PROD_ID_003,High,"2,536.00",120,300,"7,60,800.00",106512,"6,54,288.00",654.29,"6,34,000.00","20,288.00",20.29,03-09-2022,Sep,Q3,2021,Harper Phillips,Velo,Italy,"2,536.00"
164,Small Business,CUST_ID_063,PROD_ID_004,High,269,250,300,"80,700.00",11298,"69,402.00",69.4,"67,250.00","2,152.00",2.15,19-10-2022,Oct,Q4,2021,Logan Clark,VTT,India,269
165,Government,CUST_ID_008,PROD_ID_004,High,"1,281.00",250,350,"4,48,350.00",62769,"3,85,581.00",385.58,"3,33,060.00","52,521.00",52.52,19-01-2022,Jan,Q1,2021,Isabella Wilson,VTT,Japan,"1,281.00"
166,Midmarket,CUST_ID_103,PROD_ID_006,High,"1,743.00",260,15,"26,145.00",3660.3,"22,484.70",22.48,"17,430.00","5,054.70",5.05,07-10-2021,Oct,Q4,2021,Henry Martin,Amarilla,India,"1,743.00"
167,Government,CUST_ID_093,PROD_ID_006,High,"1,727.00",260,7,"12,089.00",1692.46,"10,396.54",10.4,"8,635.00","1,761.54",1.76,30-11-2022,Nov,Q4,2021,Jackson Hill,Amarilla,Germany,"1,727.00"
168,Midmarket,CUST_ID_104,PROD_ID_006,High,"1,870.00",260,15,"28,050.00",3927,"24,123.00",24.12,"18,700.00","5,423.00",5.42,21-11-2021,Nov,Q4,2021,Amelia Hill,Amarilla,Japan,"1,870.00"
169,Government,CUST_ID_027,PROD_ID_002,High,267,10,20,"5,340.00",801,"4,539.00",4.54,"2,670.00","1,869.00",1.87,21-03-2021,Mar,Q1,2021,Michael Hill,Paseo,England,267
170,Government,CUST_ID_027,PROD_ID_002,High,"2,007.00",10,350,"7,02,450.00",105367.5,"5,97,082.50",597.08,"5,21,820.00","75,262.50",75.26,02-09-2022,Sep,Q3,2021,Michael Hill,Paseo,England,"2,007.00"
171,Government,CUST_ID_040,PROD_ID_002,High,"2,151.00",10,350,"7,52,850.00",112927.5,"6,39,922.50",639.92,"5,59,260.00","80,662.50",80.66,01-02-2021,Feb,Q1,2021,Abigail Lewis,Paseo,Japan,"2,151.00"
172,Small Business,CUST_ID_086,PROD_ID_003,High,"2,574.00",120,300,"7,72,200.00",115830,"6,56,370.00",656.37,"6,43,500.00","12,870.00",12.87,13-06-2022,Jun,Q2,2021,Mia Hill,Velo,Italy,"2,574.00"
173,Enterprise,CUST_ID_015,PROD_ID_003,High,"2,438.00",120,125,"3,04,750.00",45712.5,"2,59,037.50",259.04,"2,92,560.00","-33,522.50",-33.52,02-03-2021,Mar,Q1,2021,Samuel Taylor,Velo,India,"2,438.00"
174,Government,CUST_ID_033,PROD_ID_004,High,267,250,20,"5,340.00",801,"4,539.00",4.54,"2,670.00","1,869.00",1.87,27-10-2021,Oct,Q4,2021,Logan Garcia,VTT,USA,267
175,Enterprise,CUST_ID_105,PROD_ID_004,High,"2,954.00",250,125,"3,69,250.00",55387.5,"3,13,862.50",313.86,"3,54,480.00","-40,617.50",-40.62,22-02-2021,Feb,Q1,2021,Jackson Turner,VTT,USA,"2,954.00"
176,Government,CUST_ID_042,PROD_ID_005,None,"1,618.50",3,20,"32,370.00",0,"32,370.00",32.37,"16,185.00","16,185.00",16.19,02-03-2021,Mar,Q1,2022,Emily Garcia,Carretera,Canada,"1,618.50"
177,Government,CUST_ID_048,PROD_ID_005,None,"1,321.00",3,20,"26,420.00",0,"26,420.00",26.42,"13,210.00","13,210.00",13.21,08-03-2021,Mar,Q1,2022,Sofia Turner,Carretera,Japan,"1,321.00"
178,Midmarket,CUST_ID_106,PROD_ID_005,None,"2,178.00",3,15,"32,670.00",0,"32,670.00",32.67,"21,780.00","10,890.00",10.89,08-11-2022,Nov,Q4,2022,Abigail Phillips,Carretera,Canada,"2,178.00"
179,Midmarket,CUST_ID_107,PROD_ID_005,None,888,3,15,"13,320.00",0,"13,320.00",13.32,"8,880.00","4,440.00",4.44,18-05-2021,May,Q2,2022,Aiden Hill,Carretera,England,888
180,Midmarket,CUST_ID_108,PROD_ID_005,None,"2,470.00",3,15,"37,050.00",0,"37,050.00",37.05,"24,700.00","12,350.00",12.35,16-09-2022,Sep,Q3,2022,Emily Martin,Carretera,France,"2,470.00"
181,Government,CUST_ID_048,PROD_ID_005,None,"1,513.00",3,350,"5,29,550.00",0,"5,29,550.00",529.55,"3,93,380.00","1,36,170.00",136.17,11-01-2022,Jan,Q1,2022,Sofia Turner,Carretera,Japan,"1,513.00"
182,Midmarket,CUST_ID_109,PROD_ID_001,None,921,5,15,"13,815.00",0,"13,815.00",13.82,"9,210.00","4,605.00",4.61,23-10-2022,Oct,Q4,2022,Benjamin Garcia,Montana,Germany,921
183,Channel Partners,CUST_ID_110,PROD_ID_001,None,"2,518.00",5,12,"30,216.00",0,"30,216.00",30.22,"7,554.00","22,662.00",22.66,24-10-2021,Oct,Q4,2022,Mia Hill,Montana,Italy,"2,518.00"
184,Government,CUST_ID_059,PROD_ID_001,None,"1,899.00",5,20,"37,980.00",0,"37,980.00",37.98,"18,990.00","18,990.00",18.99,02-01-2022,Jan,Q1,2022,Aiden Martin,Montana,England,"1,899.00"
185,Channel Partners,CUST_ID_111,PROD_ID_001,None,"1,545.00",5,12,"18,540.00",0,"18,540.00",18.54,"4,635.00","13,905.00",13.91,14-03-2021,Mar,Q1,2022,Logan Phillips,Montana,India,"1,545.00"
186,Midmarket,CUST_ID_112,PROD_ID_001,None,"2,470.00",5,15,"37,050.00",0,"37,050.00",37.05,"24,700.00","12,350.00",12.35,29-07-2021,Jul,Q3,2022,Charlotte Hill,Montana,Japan,"2,470.00"
187,Enterprise,CUST_ID_001,PROD_ID_001,None,"2,665.50",5,125,"3,33,187.50",0,"3,33,187.50",333.19,"3,19,860.00","13,327.50",13.33,25-02-2022,Feb,Q1,2022,James Smith,Montana,USA,"2,665.50"
188,Small Business,CUST_ID_050,PROD_ID_001,None,958,5,300,"2,87,400.00",0,"2,87,400.00",287.4,"2,39,500.00","47,900.00",47.9,13-02-2022,Feb,Q1,2022,Mia Hill,Montana,Canada,958
189,Government,CUST_ID_037,PROD_ID_001,None,"2,146.00",5,7,"15,022.00",0,"15,022.00",15.02,"10,730.00","4,292.00",4.29,25-01-2022,Jan,Q1,2022,Henry Martinez,Montana,Germany,"2,146.00"
190,Midmarket,CUST_ID_113,PROD_ID_001,None,615,5,15,"9,225.00",0,"9,225.00",9.23,"6,150.00","3,075.00",3.08,09-03-2021,Mar,Q1,2022,Samuel Turner,Montana,USA,615
191,Government,CUST_ID_004,PROD_ID_002,None,292,10,20,"5,840.00",0,"5,840.00",5.84,"2,920.00","2,920.00",2.92,30-04-2021,Apr,Q2,2022,Olivia Brown,Paseo,France,292
192,Midmarket,CUST_ID_044,PROD_ID_002,None,974,10,15,"14,610.00",0,"14,610.00",14.61,"9,740.00","4,870.00",4.87,04-04-2022,Apr,Q2,2022,Elizabeth Martin,Paseo,France,974
193,Channel Partners,CUST_ID_060,PROD_ID_002,None,"2,518.00",10,12,"30,216.00",0,"30,216.00",30.22,"7,554.00","22,662.00",22.66,04-11-2022,Nov,Q4,2022,Emily Garcia,Paseo,France,"2,518.00"
194,Government,CUST_ID_072,PROD_ID_002,None,"1,006.00",10,350,"3,52,100.00",0,"3,52,100.00",352.1,"2,61,560.00","90,540.00",90.54,20-07-2022,Jul,Q3,2022,Emily Hill,Paseo,Japan,"1,006.00"
195,Channel Partners,CUST_ID_014,PROD_ID_002,None,367,10,12,"4,404.00",0,"4,404.00",4.4,"1,101.00","3,303.00",3.3,24-05-2021,May,Q2,2022,Charlotte White,Paseo,Italy,367
196,Government,CUST_ID_040,PROD_ID_002,None,883,10,7,"6,181.00",0,"6,181.00",6.18,"4,415.00","1,766.00",1.77,29-08-2021,Aug,Q3,2022,Abigail Lewis,Paseo,Japan,883
197,Midmarket,CUST_ID_044,PROD_ID_002,None,"2,472.00",10,15,"37,080.00",0,"37,080.00",37.08,"24,720.00","12,360.00",12.36,27-02-2021,Feb,Q1,2022,Elizabeth Martin,Paseo,France,"2,472.00"
198,Government,CUST_ID_027,PROD_ID_002,None,"1,143.00",10,7,"8,001.00",0,"8,001.00",8,"5,715.00","2,286.00",2.29,10-11-2022,Nov,Q4,2022,Michael Hill,Paseo,England,"1,143.00"
199,Government,CUST_ID_004,PROD_ID_002,None,"1,817.00",10,20,"36,340.00",0,"36,340.00",36.34,"18,170.00","18,170.00",18.17,18-01-2022,Jan,Q1,2022,Olivia Brown,Paseo,France,"1,817.00"
200,Government,CUST_ID_072,PROD_ID_002,None,"1,513.00",10,350,"5,29,550.00",0,"5,29,550.00",529.55,"3,93,380.00","1,36,170.00",136.17,11-02-2022,Feb,Q1,2022,Emily Hill,Paseo,Japan,"1,513.00"
201,Government,CUST_ID_031,PROD_ID_003,None,"1,493.00",120,7,"10,451.00",0,"10,451.00",10.45,"7,465.00","2,986.00",2.99,04-03-2022,Mar,Q1,2022,Benjamin Lee,Velo,India,"1,493.00"
202,Enterprise,CUST_ID_053,PROD_ID_003,None,"1,804.00",120,125,"2,25,500.00",0,"2,25,500.00",225.5,"2,16,480.00","9,020.00",9.02,28-06-2022,Jun,Q2,2022,Samuel Hill,Velo,Germany,"1,804.00"
203,Channel Partners,CUST_ID_114,PROD_ID_003,None,"2,161.00",120,12,"25,932.00",0,"25,932.00",25.93,"6,483.00","19,449.00",19.45,19-08-2021,Aug,Q3,2022,Harper Martin,Velo,Canada,"2,161.00"
204,Government,CUST_ID_028,PROD_ID_003,None,"1,006.00",120,350,"3,52,100.00",0,"3,52,100.00",352.1,"2,61,560.00","90,540.00",90.54,04-10-2022,Oct,Q4,2022,Sofia Phillips,Velo,France,"1,006.00"
205,Channel Partners,CUST_ID_114,PROD_ID_003,None,"1,545.00",120,12,"18,540.00",0,"18,540.00",18.54,"4,635.00","13,905.00",13.91,04-08-2022,Aug,Q3,2022,Harper Martin,Velo,Canada,"1,545.00"
206,Enterprise,CUST_ID_015,PROD_ID_003,None,"2,821.00",120,125,"3,52,625.00",0,"3,52,625.00",352.63,"3,38,520.00","14,105.00",14.11,19-08-2022,Aug,Q3,2022,Samuel Taylor,Velo,India,"2,821.00"
207,Small Business,CUST_ID_063,PROD_ID_004,None,"2,001.00",250,300,"6,00,300.00",0,"6,00,300.00",600.3,"5,00,250.00","1,00,050.00",100.05,26-03-2022,Mar,Q1,2022,Logan Clark,VTT,India,"2,001.00"
208,Channel Partners,CUST_ID_067,PROD_ID_004,None,"2,838.00",250,12,"34,056.00",0,"34,056.00",34.06,"8,514.00","25,542.00",25.54,03-07-2022,Jul,Q3,2022,Henry Phillips,VTT,England,"2,838.00"
209,Midmarket,CUST_ID_087,PROD_ID_004,None,"2,178.00",250,15,"32,670.00",0,"32,670.00",32.67,"21,780.00","10,890.00",10.89,24-07-2021,Jul,Q3,2022,Logan Phillips,VTT,India,"2,178.00"
210,Midmarket,CUST_ID_039,PROD_ID_004,None,888,250,15,"13,320.00",0,"13,320.00",13.32,"8,880.00","4,440.00",4.44,03-02-2021,Feb,Q1,2022,Jackson Turner,VTT,India,888
211,Small Business,CUST_ID_062,PROD_ID_004,None,"2,151.00",250,300,"6,45,300.00",0,"6,45,300.00",645.3,"5,37,750.00","1,07,550.00",107.55,23-05-2021,May,Q2,2022,Mia Lewis,VTT,Italy,"2,151.00"
212,Government,CUST_ID_055,PROD_ID_004,None,"1,817.00",250,20,"36,340.00",0,"36,340.00",36.34,"18,170.00","18,170.00",18.17,15-12-2022,Dec,Q4,2022,Henry Turner,VTT,India,"1,817.00"
213,Government,CUST_ID_065,PROD_ID_006,None,"2,750.00",260,350,"9,62,500.00",0,"9,62,500.00",962.5,"7,15,000.00","2,47,500.00",247.5,23-08-2021,Aug,Q3,2022,Samuel Wilson,Amarilla,USA,"2,750.00"
214,Channel Partners,CUST_ID_018,PROD_ID_006,None,"1,953.00",260,12,"23,436.00",0,"23,436.00",23.44,"5,859.00","17,577.00",17.58,13-10-2021,Oct,Q4,2022,Amelia Garcia,Amarilla,Canada,"1,953.00"
215,Enterprise,CUST_ID_073,PROD_ID_006,None,"4,219.50",260,125,"5,27,437.50",0,"5,27,437.50",527.44,"5,06,340.00","21,097.50",21.1,20-02-2022,Feb,Q1,2022,Benjamin Phillips,Amarilla,USA,"4,219.50"
216,Government,CUST_ID_065,PROD_ID_006,None,"1,899.00",260,20,"37,980.00",0,"37,980.00",37.98,"18,990.00","18,990.00",18.99,03-07-2022,Jul,Q3,2022,Samuel Wilson,Amarilla,USA,"1,899.00"
217,Government,CUST_ID_035,PROD_ID_006,None,"1,686.00",260,7,"11,802.00",0,"11,802.00",11.8,"8,430.00","3,372.00",3.37,14-09-2022,Sep,Q3,2022,Samuel Johnson,Amarilla,England,"1,686.00"
218,Channel Partners,CUST_ID_018,PROD_ID_006,None,"2,141.00",260,12,"25,692.00",0,"25,692.00",25.69,"6,423.00","19,269.00",19.27,15-11-2021,Nov,Q4,2022,Amelia Garcia,Amarilla,Canada,"2,141.00"
219,Government,CUST_ID_064,PROD_ID_006,None,"1,143.00",260,7,"8,001.00",0,"8,001.00",8,"5,715.00","2,286.00",2.29,23-04-2022,Apr,Q2,2022,Charlotte Anderson,Amarilla,Japan,"1,143.00"
220,Midmarket,CUST_ID_046,PROD_ID_006,None,615,260,15,"9,225.00",0,"9,225.00",9.23,"6,150.00","3,075.00",3.08,26-12-2021,Dec,Q4,2022,Avery Anderson,Amarilla,Italy,615
221,Government,CUST_ID_052,PROD_ID_002,Low,"3,945.00",10,7,"27,615.00",276.15,"27,338.85",27.34,"19,725.00","7,613.85",7.61,23-09-2021,Sep,Q3,2022,Charlotte Martin,Paseo,France,"3,945.00"
222,Midmarket,CUST_ID_002,PROD_ID_002,Low,"2,296.00",10,15,"34,440.00",344.4,"34,095.60",34.1,"22,960.00","11,135.60",11.14,16-12-2021,Dec,Q4,2022,Emma Johnson,Paseo,Canada,"2,296.00"
223,Government,CUST_ID_052,PROD_ID_002,Low,"1,030.00",10,7,"7,210.00",72.1,"7,137.90",7.14,"5,150.00","1,987.90",1.99,12-08-2022,Aug,Q3,2022,Charlotte Martin,Paseo,France,"1,030.00"
224,Government,CUST_ID_054,PROD_ID_003,Low,639,120,7,"4,473.00",44.73,"4,428.27",4.43,"3,195.00","1,233.27",1.23,31-10-2021,Oct,Q4,2022,Harper Wilson,Velo,Italy,639
225,Government,CUST_ID_055,PROD_ID_004,Low,"1,326.00",250,7,"9,282.00",92.82,"9,189.18",9.19,"6,630.00","2,559.18",2.56,19-03-2022,Mar,Q1,2022,Henry Turner,VTT,India,"1,326.00"
226,Channel Partners,CUST_ID_084,PROD_ID_005,Low,"1,858.00",3,12,"22,296.00",222.96,"22,073.04",22.07,"5,574.00","16,499.04",16.5,07-09-2022,Sep,Q3,2022,Emily Martin,Carretera,France,"1,858.00"
227,Government,CUST_ID_066,PROD_ID_005,Low,"1,210.00",3,350,"4,23,500.00",4235,"4,19,265.00",419.27,"3,14,600.00","1,04,665.00",104.67,27-06-2021,Jun,Q2,2022,Harper Turner,Carretera,Canada,"1,210.00"
228,Government,CUST_ID_057,PROD_ID_005,Low,"2,529.00",3,7,"17,703.00",177.03,"17,525.97",17.53,"12,645.00","4,880.97",4.88,20-08-2021,Aug,Q3,2022,Jackson Hill,Carretera,USA,"2,529.00"
229,Channel Partners,CUST_ID_036,PROD_ID_005,Low,"1,445.00",3,12,"17,340.00",173.4,"17,166.60",17.17,"4,335.00","12,831.60",12.83,10-08-2021,Aug,Q3,2022,Harper Anderson,Carretera,France,"1,445.00"
230,Channel Partners,CUST_ID_088,PROD_ID_005,Low,"2,671.00",3,12,"32,052.00",320.52,"31,731.48",31.73,"8,013.00","23,718.48",23.72,10-12-2022,Dec,Q4,2022,Charlotte Hill,Carretera,Japan,"2,671.00"
231,Government,CUST_ID_066,PROD_ID_005,Low,"1,397.00",3,350,"4,88,950.00",4889.5,"4,84,060.50",484.06,"3,63,220.00","1,20,840.50",120.84,03-08-2021,Aug,Q3,2022,Harper Turner,Carretera,Canada,"1,397.00"
232,Government,CUST_ID_021,PROD_ID_005,Low,"2,155.00",3,350,"7,54,250.00",7542.5,"7,46,707.50",746.71,"5,60,300.00","1,86,407.50",186.41,06-04-2021,Apr,Q2,2022,Aiden Lewis,Carretera,Germany,"2,155.00"
233,Midmarket,CUST_ID_112,PROD_ID_001,Low,"2,214.00",5,15,"33,210.00",332.1,"32,877.90",32.88,"22,140.00","10,737.90",10.74,15-01-2021,Jan,Q1,2022,Charlotte Hill,Montana,Japan,"2,214.00"
234,Small Business,CUST_ID_012,PROD_ID_001,Low,"2,301.00",5,300,"6,90,300.00",6903,"6,83,397.00",683.4,"5,75,250.00","1,08,147.00",108.15,28-11-2021,Nov,Q4,2022,Mia Thomas,Montana,France,"2,301.00"
235,Government,CUST_ID_059,PROD_ID_001,Low,"1,375.50",5,20,"27,510.00",275.1,"27,234.90",27.23,"13,755.00","13,479.90",13.48,21-11-2022,Nov,Q4,2022,Aiden Martin,Montana,England,"1,375.50"
236,Government,CUST_ID_043,PROD_ID_001,Low,"1,830.00",5,7,"12,810.00",128.1,"12,681.90",12.68,"9,150.00","3,531.90",3.53,07-08-2021,Aug,Q3,2022,Sebastian Phillips,Montana,England,"1,830.00"
237,Midmarket,CUST_ID_026,PROD_ID_002,Low,"1,514.00",10,15,"22,710.00",227.1,"22,482.90",22.48,"15,140.00","7,342.90",7.34,07-09-2022,Sep,Q3,2022,Avery Turner,Paseo,Canada,"1,514.00"
238,Government,CUST_ID_027,PROD_ID_002,Low,"4,492.50",10,7,"31,447.50",314.475,"31,133.03",31.13,"22,462.50","8,670.53",8.67,17-02-2021,Feb,Q1,2022,Michael Hill,Paseo,England,"4,492.50"
239,Enterprise,CUST_ID_115,PROD_ID_002,Low,727,10,125,"90,875.00",908.75,"89,966.25",89.97,"87,240.00","2,726.25",2.73,05-03-2022,Mar,Q1,2022,Henry Garcia,Paseo,England,727
240,Enterprise,CUST_ID_051,PROD_ID_002,Low,787,10,125,"98,375.00",983.75,"97,391.25",97.39,"94,440.00","2,951.25",2.95,24-06-2021,Jun,Q2,2022,Logan Phillips,Paseo,England,787
241,Enterprise,CUST_ID_024,PROD_ID_002,Low,"1,823.00",10,125,"2,27,875.00",2278.75,"2,25,596.25",225.6,"2,18,760.00","6,836.25",6.84,30-11-2022,Nov,Q4,2022,Elizabeth Green,Paseo,Japan,"1,823.00"
242,Midmarket,CUST_ID_038,PROD_ID_002,Low,747,10,15,"11,205.00",112.05,"11,092.95",11.09,"7,470.00","3,622.95",3.62,08-06-2021,Jun,Q2,2022,Amelia Wilson,Paseo,Italy,747
243,Small Business,CUST_ID_116,PROD_ID_002,Low,"2,905.00",10,300,"8,71,500.00",8715,"8,62,785.00",862.79,"7,26,250.00","1,36,535.00",136.54,17-01-2022,Jan,Q1,2022,Amelia Phillips,Paseo,France,"2,905.00"
244,Government,CUST_ID_052,PROD_ID_002,Low,"2,155.00",10,350,"7,54,250.00",7542.5,"7,46,707.50",746.71,"5,60,300.00","1,86,407.50",186.41,04-08-2022,Aug,Q3,2022,Charlotte Martin,Paseo,France,"2,155.00"
245,Government,CUST_ID_054,PROD_ID_003,Low,"3,864.00",120,20,"77,280.00",772.8,"76,507.20",76.51,"38,640.00","37,867.20",37.87,13-10-2021,Oct,Q4,2022,Harper Wilson,Velo,Italy,"3,864.00"
246,Government,CUST_ID_031,PROD_ID_003,Low,362,120,7,"2,534.00",25.34,"2,508.66",2.51,"1,810.00",698.66,0.7,01-11-2022,Nov,Q4,2022,Benjamin Lee,Velo,India,362
247,Enterprise,CUST_ID_007,PROD_ID_003,Low,923,120,125,"1,15,375.00",1153.75,"1,14,221.25",114.22,"1,10,760.00","3,461.25",3.46,04-04-2022,Apr,Q2,2022,Ethan Miller,Velo,India,923
248,Government,CUST_ID_056,PROD_ID_004,Low,263,250,7,"1,841.00",18.41,"1,822.59",1.82,"1,315.00",507.59,0.51,22-12-2022,Dec,Q4,2022,Amelia Perez,VTT,Japan,263
249,Government,CUST_ID_055,PROD_ID_004,Low,943.5,250,350,"3,30,225.00",3302.25,"3,26,922.75",326.92,"2,45,310.00","81,612.75",81.61,21-09-2021,Sep,Q3,2022,Henry Turner,VTT,India,943.5
250,Enterprise,CUST_ID_117,PROD_ID_004,Low,727,250,125,"90,875.00",908.75,"89,966.25",89.97,"87,240.00","2,726.25",2.73,30-04-2021,Apr,Q2,2022,Jackson Hill,VTT,Germany,727
251,Enterprise,CUST_ID_118,PROD_ID_004,Low,787,250,125,"98,375.00",983.75,"97,391.25",97.39,"94,440.00","2,951.25",2.95,27-05-2021,May,Q2,2022,Abigail Martin,VTT,Italy,787
252,Small Business,CUST_ID_032,PROD_ID_004,Low,986,250,300,"2,95,800.00",2958,"2,92,842.00",292.84,"2,46,500.00","46,342.00",46.34,09-10-2022,Oct,Q4,2022,Mia White,VTT,Japan,986
253,Government,CUST_ID_034,PROD_ID_004,Low,"1,397.00",250,350,"4,88,950.00",4889.5,"4,84,060.50",484.06,"3,63,220.00","1,20,840.50",120.84,09-10-2022,Oct,Q4,2022,Charlotte Davis,VTT,Canada,"1,397.00"
254,Enterprise,CUST_ID_118,PROD_ID_004,Low,"1,744.00",250,125,"2,18,000.00",2180,"2,15,820.00",215.82,"2,09,280.00","6,540.00",6.54,21-09-2021,Sep,Q3,2022,Abigail Martin,VTT,Italy,"1,744.00"
255,Enterprise,CUST_ID_094,PROD_ID_005,Low,742.5,3,125,"92,812.50",1856.25,"90,956.25",90.96,"89,100.00","1,856.25",1.86,27-05-2022,May,Q2,2022,Abigail Martin,Carretera,Italy,742.5
256,Channel Partners,CUST_ID_036,PROD_ID_005,Low,"1,295.00",3,12,"15,540.00",310.8,"15,229.20",15.23,"3,885.00","11,344.20",11.34,03-05-2021,May,Q2,2022,Harper Anderson,Carretera,France,"1,295.00"
257,Government,CUST_ID_042,PROD_ID_005,Low,"2,852.00",3,350,"9,98,200.00",19964,"9,78,236.00",978.24,"7,41,520.00","2,36,716.00",236.72,20-07-2021,Jul,Q3,2022,Emily Garcia,Carretera,Canada,"2,852.00"
258,Channel Partners,CUST_ID_119,PROD_ID_001,Low,"1,142.00",5,12,"13,704.00",274.08,"13,429.92",13.43,"3,426.00","10,003.92",10,10-11-2022,Nov,Q4,2022,Aiden Garcia,Montana,India,"1,142.00"
259,Government,CUST_ID_099,PROD_ID_001,Low,"1,566.00",5,20,"31,320.00",626.4,"30,693.60",30.69,"15,660.00","15,033.60",15.03,17-07-2021,Jul,Q3,2022,Logan Martin,Montana,England,"1,566.00"
260,Channel Partners,CUST_ID_120,PROD_ID_001,Low,690,5,12,"8,280.00",165.6,"8,114.40",8.11,"2,070.00","6,044.40",6.04,26-07-2022,Jul,Q3,2022,Emily Hill,Montana,Japan,690
261,Midmarket,CUST_ID_006,PROD_ID_002,Low,"2,363.00",10,15,"35,445.00",708.9,"34,736.10",34.74,"23,630.00","11,106.10",11.11,24-10-2022,Oct,Q4,2022,Ava Davis,Paseo,Italy,"2,363.00"
262,Small Business,CUST_ID_121,PROD_ID_002,Low,918,10,300,"2,75,400.00",5508,"2,69,892.00",269.89,"2,29,500.00","40,392.00",40.39,02-06-2021,Jun,Q2,2022,Benjamin Phillips,Paseo,USA,918
263,Small Business,CUST_ID_069,PROD_ID_002,Low,"1,728.00",10,300,"5,18,400.00",10368,"5,08,032.00",508.03,"4,32,000.00","76,032.00",76.03,29-07-2021,Jul,Q3,2022,Jackson Hill,Paseo,Germany,"1,728.00"
264,Channel Partners,CUST_ID_005,PROD_ID_002,Low,"1,142.00",10,12,"13,704.00",274.08,"13,429.92",13.43,"3,426.00","10,003.92",10,20-05-2021,May,Q2,2022,Liam Jones,Paseo,Germany,"1,142.00"
265,Enterprise,CUST_ID_024,PROD_ID_002,Low,662,10,125,"82,750.00",1655,"81,095.00",81.1,"79,440.00","1,655.00",1.66,01-05-2021,May,Q2,2022,Elizabeth Green,Paseo,Japan,662
266,Channel Partners,CUST_ID_060,PROD_ID_002,Low,"1,295.00",10,12,"15,540.00",310.8,"15,229.20",15.23,"3,885.00","11,344.20",11.34,23-02-2021,Feb,Q1,2022,Emily Garcia,Paseo,France,"1,295.00"
267,Small Business,CUST_ID_070,PROD_ID_002,Low,"1,916.00",10,300,"5,74,800.00",11496,"5,63,304.00",563.3,"4,79,000.00","84,304.00",84.3,16-12-2021,Dec,Q4,2022,Abigail Garcia,Paseo,Italy,"1,916.00"
268,Government,CUST_ID_004,PROD_ID_002,Low,"2,852.00",10,350,"9,98,200.00",19964,"9,78,236.00",978.24,"7,41,520.00","2,36,716.00",236.72,19-04-2021,Apr,Q2,2022,Olivia Brown,Paseo,France,"2,852.00"
269,Enterprise,CUST_ID_122,PROD_ID_002,Low,"2,729.00",10,125,"3,41,125.00",6822.5,"3,34,302.50",334.3,"3,27,480.00","6,822.50",6.82,04-12-2021,Dec,Q4,2022,Mia Turner,Paseo,Canada,"2,729.00"
270,Channel Partners,CUST_ID_025,PROD_ID_002,Low,"1,055.00",10,12,"12,660.00",253.2,"12,406.80",12.41,"3,165.00","9,241.80",9.24,06-02-2021,Feb,Q1,2022,Alexander Perez,Paseo,USA,"1,055.00"
271,Channel Partners,CUST_ID_071,PROD_ID_002,Low,"1,084.00",10,12,"13,008.00",260.16,"12,747.84",12.75,"3,252.00","9,495.84",9.5,19-04-2022,Apr,Q2,2022,Aiden Perez,Paseo,India,"1,084.00"
272,Government,CUST_ID_041,PROD_ID_003,Low,"1,566.00",120,20,"31,320.00",626.4,"30,693.60",30.69,"15,660.00","15,033.60",15.03,28-08-2022,Aug,Q3,2022,Aiden Clark,Velo,USA,"1,566.00"
273,Government,CUST_ID_028,PROD_ID_003,Low,"2,877.00",120,350,"10,06,950.00",20139,"9,86,811.00",986.81,"7,48,020.00","2,38,791.00",238.79,17-09-2022,Sep,Q3,2022,Sofia Phillips,Velo,France,"2,877.00"
274,Channel Partners,CUST_ID_123,PROD_ID_003,Low,"1,055.00",120,12,"12,660.00",253.2,"12,406.80",12.41,"3,165.00","9,241.80",9.24,14-12-2021,Dec,Q4,2022,Logan Martin,Velo,England,"1,055.00"
275,Channel Partners,CUST_ID_124,PROD_ID_003,Low,"1,084.00",120,12,"13,008.00",260.16,"12,747.84",12.75,"3,252.00","9,495.84",9.5,09-04-2022,Apr,Q2,2022,Charlotte Garcia,Velo,France,"1,084.00"
276,Enterprise,CUST_ID_125,PROD_ID_004,Low,662,250,125,"82,750.00",1655,"81,095.00",81.1,"79,440.00","1,655.00",1.66,06-12-2022,Dec,Q4,2022,Samuel Hill,VTT,Germany,662
277,Government,CUST_ID_056,PROD_ID_004,Low,"2,877.00",250,350,"10,06,950.00",20139,"9,86,811.00",986.81,"7,48,020.00","2,38,791.00",238.79,16-11-2022,Nov,Q4,2022,Amelia Perez,VTT,Japan,"2,877.00"
278,Enterprise,CUST_ID_105,PROD_ID_004,Low,"2,729.00",250,125,"3,41,125.00",6822.5,"3,34,302.50",334.3,"3,27,480.00","6,822.50",6.82,13-12-2022,Dec,Q4,2022,Jackson Turner,VTT,USA,"2,729.00"
279,Small Business,CUST_ID_126,PROD_ID_006,Low,259,260,300,"77,700.00",1554,"76,146.00",76.15,"64,750.00","11,396.00",11.4,26-02-2022,Feb,Q1,2022,Harper Phillips,Amarilla,Italy,259
280,Small Business,CUST_ID_127,PROD_ID_006,Low,"1,101.00",260,300,"3,30,300.00",6606,"3,23,694.00",323.69,"2,75,250.00","48,444.00",48.44,25-09-2022,Sep,Q3,2022,Henry Martin,Amarilla,India,"1,101.00"
281,Enterprise,CUST_ID_073,PROD_ID_006,Low,"2,276.00",260,125,"2,84,500.00",5690,"2,78,810.00",278.81,"2,73,120.00","5,690.00",5.69,23-09-2022,Sep,Q3,2022,Benjamin Phillips,Amarilla,USA,"2,276.00"
282,Government,CUST_ID_064,PROD_ID_006,Low,"1,236.00",260,20,"24,720.00",494.4,"24,225.60",24.23,"12,360.00","11,865.60",11.87,03-02-2021,Feb,Q1,2022,Charlotte Anderson,Amarilla,Japan,"1,236.00"
283,Government,CUST_ID_065,PROD_ID_006,Low,941,260,20,"18,820.00",376.4,"18,443.60",18.44,"9,410.00","9,033.60",9.03,19-11-2022,Nov,Q4,2022,Samuel Wilson,Amarilla,USA,941
284,Small Business,CUST_ID_128,PROD_ID_006,Low,"1,916.00",260,300,"5,74,800.00",11496,"5,63,304.00",563.3,"4,79,000.00","84,304.00",84.3,30-05-2022,May,Q2,2022,Amelia Hill,Amarilla,Japan,"1,916.00"
285,Enterprise,CUST_ID_085,PROD_ID_005,Low,"4,243.50",3,125,"5,30,437.50",15913.125,"5,14,524.38",514.52,"5,09,220.00","5,304.38",5.3,28-04-2021,Apr,Q2,2022,Benjamin Garcia,Carretera,Germany,"4,243.50"
286,Government,CUST_ID_048,PROD_ID_005,Low,"2,580.00",3,20,"51,600.00",1548,"50,052.00",50.05,"25,800.00","24,252.00",24.25,09-04-2022,Apr,Q2,2022,Sofia Turner,Carretera,Japan,"2,580.00"
287,Small Business,CUST_ID_020,PROD_ID_005,Low,689,3,300,"2,06,700.00",6201,"2,00,499.00",200.5,"1,72,250.00","28,249.00",28.25,23-10-2022,Oct,Q4,2022,Abigail Robinson,Carretera,France,689
288,Channel Partners,CUST_ID_084,PROD_ID_005,Low,"1,947.00",3,12,"23,364.00",700.92,"22,663.08",22.66,"5,841.00","16,822.08",16.82,23-04-2022,Apr,Q2,2022,Emily Martin,Carretera,France,"1,947.00"
289,Government,CUST_ID_037,PROD_ID_001,Low,"1,958.00",5,7,"13,706.00",411.18,"13,294.82",13.29,"9,790.00","3,504.82",3.5,26-05-2022,May,Q2,2022,Henry Martinez,Montana,Germany,"1,958.00"
290,Channel Partners,CUST_ID_129,PROD_ID_001,Low,"1,901.00",5,12,"22,812.00",684.36,"22,127.64",22.13,"5,703.00","16,424.64",16.42,13-03-2022,Mar,Q1,2022,Jackson Turner,Montana,USA,"1,901.00"
291,Government,CUST_ID_059,PROD_ID_001,Low,544,5,7,"3,808.00",114.24,"3,693.76",3.69,"2,720.00",973.76,0.97,23-07-2021,Jul,Q3,2022,Aiden Martin,Montana,England,544
292,Enterprise,CUST_ID_079,PROD_ID_001,Low,"1,287.00",5,125,"1,60,875.00",4826.25,"1,56,048.75",156.05,"1,54,440.00","1,608.75",1.61,27-09-2021,Sep,Q3,2022,Henry Turner,Montana,India,"1,287.00"
293,Enterprise,CUST_ID_068,PROD_ID_001,Low,"1,706.00",5,125,"2,13,250.00",6397.5,"2,06,852.50",206.85,"2,04,720.00","2,132.50",2.13,15-05-2021,May,Q2,2022,Amelia Martin,Montana,France,"1,706.00"
294,Small Business,CUST_ID_121,PROD_ID_002,Low,"2,434.50",10,300,"7,30,350.00",21910.5,"7,08,439.50",708.44,"6,08,625.00","99,814.50",99.81,25-05-2022,May,Q2,2022,Benjamin Phillips,Paseo,USA,"2,434.50"
295,Enterprise,CUST_ID_122,PROD_ID_002,Low,"1,774.00",10,125,"2,21,750.00",6652.5,"2,15,097.50",215.1,"2,12,880.00","2,217.50",2.22,03-10-2022,Oct,Q4,2022,Mia Turner,Paseo,Canada,"1,774.00"
296,Channel Partners,CUST_ID_025,PROD_ID_002,Low,"1,901.00",10,12,"22,812.00",684.36,"22,127.64",22.13,"5,703.00","16,424.64",16.42,14-01-2021,Jan,Q1,2022,Alexander Perez,Paseo,USA,"1,901.00"
297,Small Business,CUST_ID_069,PROD_ID_002,Low,689,10,300,"2,06,700.00",6201,"2,00,499.00",200.5,"1,72,250.00","28,249.00",28.25,14-12-2021,Dec,Q4,2022,Jackson Hill,Paseo,Germany,689
298,Enterprise,CUST_ID_023,PROD_ID_002,Low,"1,570.00",10,125,"1,96,250.00",5887.5,"1,90,362.50",190.36,"1,88,400.00","1,962.50",1.96,14-06-2022,Jun,Q2,2022,Sebastian Lee,Paseo,India,"1,570.00"
299,Channel Partners,CUST_ID_005,PROD_ID_002,Low,"1,369.50",10,12,"16,434.00",493.02,"15,940.98",15.94,"4,108.50","11,832.48",11.83,06-06-2021,Jun,Q2,2022,Liam Jones,Paseo,Germany,"1,369.50"
300,Enterprise,CUST_ID_122,PROD_ID_002,Low,"2,009.00",10,125,"2,51,125.00",7533.75,"2,43,591.25",243.59,"2,41,080.00","2,511.25",2.51,07-01-2021,Jan,Q1,2022,Mia Turner,Paseo,Canada,"2,009.00"
301,Enterprise,CUST_ID_051,PROD_ID_002,Low,"1,287.00",10,125,"1,60,875.00",4826.25,"1,56,048.75",156.05,"1,54,440.00","1,608.75",1.61,31-05-2021,May,Q2,2022,Logan Phillips,Paseo,England,"1,287.00"
302,Enterprise,CUST_ID_023,PROD_ID_002,Low,"1,706.00",10,125,"2,13,250.00",6397.5,"2,06,852.50",206.85,"2,04,720.00","2,132.50",2.13,17-07-2022,Jul,Q3,2022,Sebastian Lee,Paseo,India,"1,706.00"
303,Enterprise,CUST_ID_007,PROD_ID_003,Low,"2,009.00",120,125,"2,51,125.00",7533.75,"2,43,591.25",243.59,"2,41,080.00","2,511.25",2.51,11-02-2022,Feb,Q1,2022,Ethan Miller,Velo,India,"2,009.00"
304,Small Business,CUST_ID_075,PROD_ID_004,Low,"2,844.00",250,300,"8,53,200.00",25596,"8,27,604.00",827.6,"7,11,000.00","1,16,604.00",116.6,24-04-2022,Apr,Q2,2022,Logan Martin,VTT,England,"2,844.00"
305,Channel Partners,CUST_ID_089,PROD_ID_004,Low,"1,916.00",250,12,"22,992.00",689.76,"22,302.24",22.3,"5,748.00","16,554.24",16.55,23-09-2021,Sep,Q3,2022,Samuel Turner,VTT,USA,"1,916.00"
306,Enterprise,CUST_ID_130,PROD_ID_004,Low,"1,570.00",250,125,"1,96,250.00",5887.5,"1,90,362.50",190.36,"1,88,400.00","1,962.50",1.96,08-03-2021,Mar,Q1,2022,Abigail Phillips,VTT,Canada,"1,570.00"
307,Small Business,CUST_ID_063,PROD_ID_004,Low,"1,874.00",250,300,"5,62,200.00",16866,"5,45,334.00",545.33,"4,68,500.00","76,834.00",76.83,11-04-2021,Apr,Q2,2022,Logan Clark,VTT,India,"1,874.00"
308,Government,CUST_ID_034,PROD_ID_004,Low,"1,642.00",250,350,"5,74,700.00",17241,"5,57,459.00",557.46,"4,26,920.00","1,30,539.00",130.54,21-12-2021,Dec,Q4,2022,Charlotte Davis,VTT,Canada,"1,642.00"
309,Government,CUST_ID_042,PROD_ID_005,Low,831,3,20,"16,620.00",498.6,"16,121.40",16.12,"8,310.00","7,811.40",7.81,20-12-2021,Dec,Q4,2022,Emily Garcia,Carretera,Canada,831
310,Government,CUST_ID_016,PROD_ID_003,Low,"3,850.50",120,20,"77,010.00",2310.3,"74,699.70",74.7,"38,505.00","36,194.70",36.19,02-12-2021,Dec,Q4,2022,Harper Davis,Velo,Japan,"3,850.50"
311,Channel Partners,CUST_ID_067,PROD_ID_004,Low,"2,479.00",250,12,"29,748.00",892.44,"28,855.56",28.86,"7,437.00","21,418.56",21.42,14-12-2022,Dec,Q4,2022,Henry Phillips,VTT,England,"2,479.00"
312,Midmarket,CUST_ID_112,PROD_ID_001,Low,"2,031.00",5,15,"30,465.00",1218.6,"29,246.40",29.25,"20,310.00","8,936.40",8.94,21-04-2022,Apr,Q2,2022,Charlotte Hill,Montana,Japan,"2,031.00"
313,Midmarket,CUST_ID_044,PROD_ID_002,Low,"2,031.00",10,15,"30,465.00",1218.6,"29,246.40",29.25,"20,310.00","8,936.40",8.94,23-12-2022,Dec,Q4,2022,Elizabeth Martin,Paseo,France,"2,031.00"
314,Small Business,CUST_ID_020,PROD_ID_005,Low,"2,021.00",3,300,"6,06,300.00",24252,"5,82,048.00",582.05,"5,05,250.00","76,798.00",76.8,06-09-2021,Sep,Q3,2022,Abigail Robinson,Carretera,France,"2,021.00"
315,Government,CUST_ID_057,PROD_ID_005,Low,274,3,350,"95,900.00",3836,"92,064.00",92.06,"71,240.00","20,824.00",20.82,09-06-2022,Jun,Q2,2022,Jackson Hill,Carretera,USA,274
316,Midmarket,CUST_ID_131,PROD_ID_001,Low,"1,967.00",5,15,"29,505.00",1180.2,"28,324.80",28.32,"19,670.00","8,654.80",8.65,28-11-2022,Nov,Q4,2022,Aiden Hill,Montana,England,"1,967.00"
317,Small Business,CUST_ID_080,PROD_ID_001,Low,"1,859.00",5,300,"5,57,700.00",22308,"5,35,392.00",535.39,"4,64,750.00","70,642.00",70.64,20-05-2022,May,Q2,2022,Amelia Martin,Montana,Japan,"1,859.00"
318,Small Business,CUST_ID_080,PROD_ID_001,Low,"2,021.00",5,300,"6,06,300.00",24252,"5,82,048.00",582.05,"5,05,250.00","76,798.00",76.8,06-06-2022,Jun,Q2,2022,Amelia Martin,Montana,Japan,"2,021.00"
319,Enterprise,CUST_ID_022,PROD_ID_001,Low,"1,138.00",5,125,"1,42,250.00",5690,"1,36,560.00",136.56,"1,36,560.00", -   , -   ,04-11-2022,Nov,Q4,2022,Emily Clark,Montana,Italy,"1,138.00"
320,Government,CUST_ID_004,PROD_ID_002,Low,"4,251.00",10,7,"29,757.00",1190.28,"28,566.72",28.57,"21,255.00","7,311.72",7.31,05-05-2021,May,Q2,2022,Olivia Brown,Paseo,France,"4,251.00"
321,Enterprise,CUST_ID_023,PROD_ID_002,Low,795,10,125,"99,375.00",3975,"95,400.00",95.4,"95,400.00", -   , -   ,09-11-2022,Nov,Q4,2022,Sebastian Lee,Paseo,India,795
322,Small Business,CUST_ID_069,PROD_ID_002,Low,"1,414.50",10,300,"4,24,350.00",16974,"4,07,376.00",407.38,"3,53,625.00","53,751.00",53.75,24-02-2021,Feb,Q1,2022,Jackson Hill,Paseo,Germany,"1,414.50"
323,Small Business,CUST_ID_116,PROD_ID_002,Low,"2,918.00",10,300,"8,75,400.00",35016,"8,40,384.00",840.38,"7,29,500.00","1,10,884.00",110.88,31-08-2021,Aug,Q3,2022,Amelia Phillips,Paseo,France,"2,918.00"
324,Government,CUST_ID_027,PROD_ID_002,Low,"3,450.00",10,350,"12,07,500.00",48300,"11,59,200.00","1,159.20","8,97,000.00","2,62,200.00",262.2,27-07-2022,Jul,Q3,2022,Michael Hill,Paseo,England,"3,450.00"
325,Enterprise,CUST_ID_051,PROD_ID_002,Low,"2,988.00",10,125,"3,73,500.00",14940,"3,58,560.00",358.56,"3,58,560.00", -   , -   ,29-01-2022,Jan,Q1,2022,Logan Phillips,Paseo,England,"2,988.00"
326,Midmarket,CUST_ID_006,PROD_ID_002,Low,218,10,15,"3,270.00",130.8,"3,139.20",3.14,"2,180.00",959.2,0.96,05-04-2022,Apr,Q2,2022,Ava Davis,Paseo,Italy,218
327,Government,CUST_ID_004,PROD_ID_002,Low,"2,074.00",10,20,"41,480.00",1659.2,"39,820.80",39.82,"20,740.00","19,080.80",19.08,30-12-2022,Dec,Q4,2022,Olivia Brown,Paseo,France,"2,074.00"
328,Government,CUST_ID_027,PROD_ID_002,Low,"1,056.00",10,20,"21,120.00",844.8,"20,275.20",20.28,"10,560.00","9,715.20",9.72,16-03-2022,Mar,Q1,2022,Michael Hill,Paseo,England,"1,056.00"
329,Government,CUST_ID_027,PROD_ID_002,Low,274,10,350,"95,900.00",3836,"92,064.00",92.06,"71,240.00","20,824.00",20.82,16-11-2021,Nov,Q4,2022,Michael Hill,Paseo,England,274
330,Enterprise,CUST_ID_024,PROD_ID_002,Low,"1,138.00",10,125,"1,42,250.00",5690,"1,36,560.00",136.56,"1,36,560.00", -   , -   ,19-02-2021,Feb,Q1,2022,Elizabeth Green,Paseo,Japan,"1,138.00"
331,Channel Partners,CUST_ID_132,PROD_ID_003,Low,"1,465.00",120,12,"17,580.00",703.2,"16,876.80",16.88,"4,395.00","12,481.80",12.48,26-12-2022,Dec,Q4,2022,Emily Martin,Velo,France,"1,465.00"
332,Government,CUST_ID_054,PROD_ID_003,Low,"2,177.00",120,350,"7,61,950.00",30478,"7,31,472.00",731.47,"5,66,020.00","1,65,452.00",165.45,18-05-2022,May,Q2,2022,Harper Wilson,Velo,Italy,"2,177.00"
333,Channel Partners,CUST_ID_081,PROD_ID_004,Low,866,250,12,"10,392.00",415.68,"9,976.32",9.98,"2,598.00","7,378.32",7.38,30-06-2021,Jun,Q2,2022,Jackson Lewis,VTT,USA,866
334,Government,CUST_ID_008,PROD_ID_004,Low,"2,177.00",250,350,"7,61,950.00",30478,"7,31,472.00",731.47,"5,66,020.00","1,65,452.00",165.45,02-03-2021,Mar,Q1,2022,Isabella Wilson,VTT,Japan,"2,177.00"
335,Government,CUST_ID_093,PROD_ID_006,Low,"1,865.00",260,350,"6,52,750.00",26110,"6,26,640.00",626.64,"4,84,900.00","1,41,740.00",141.74,10-01-2021,Jan,Q1,2022,Jackson Hill,Amarilla,Germany,"1,865.00"
336,Enterprise,CUST_ID_092,PROD_ID_006,Low,"1,074.00",260,125,"1,34,250.00",5370,"1,28,880.00",128.88,"1,28,880.00", -   , -   ,13-05-2022,May,Q2,2022,Amelia Phillips,Amarilla,France,"1,074.00"
337,Government,CUST_ID_035,PROD_ID_006,Low,"1,907.00",260,350,"6,67,450.00",26698,"6,40,752.00",640.75,"4,95,820.00","1,44,932.00",144.93,10-12-2021,Dec,Q4,2022,Samuel Johnson,Amarilla,England,"1,907.00"
338,Government,CUST_ID_072,PROD_ID_002,Medium,"1,372.00",10,7,"9,604.00",480.2,"9,123.80",9.12,"6,860.00","2,263.80",2.26,07-04-2022,Apr,Q2,2022,Emily Hill,Paseo,Japan,"1,372.00"
339,Government,CUST_ID_040,PROD_ID_002,Medium,"2,689.00",10,7,"18,823.00",941.15,"17,881.85",17.88,"13,445.00","4,436.85",4.44,03-02-2022,Feb,Q1,2022,Abigail Lewis,Paseo,Japan,"2,689.00"
340,Channel Partners,CUST_ID_060,PROD_ID_002,Medium,"2,431.00",10,12,"29,172.00",1458.6,"27,713.40",27.71,"7,293.00","20,420.40",20.42,10-12-2022,Dec,Q4,2022,Emily Garcia,Paseo,France,"2,431.00"
341,Channel Partners,CUST_ID_133,PROD_ID_003,Medium,"2,431.00",120,12,"29,172.00",1458.6,"27,713.40",27.71,"7,293.00","20,420.40",20.42,08-11-2022,Nov,Q4,2022,Benjamin Garcia,Velo,Germany,"2,431.00"
342,Government,CUST_ID_034,PROD_ID_004,Medium,"2,689.00",250,7,"18,823.00",941.15,"17,881.85",17.88,"13,445.00","4,436.85",4.44,14-07-2021,Jul,Q3,2022,Charlotte Davis,VTT,Canada,"2,689.00"
343,Government,CUST_ID_093,PROD_ID_006,Medium,"1,683.00",260,7,"11,781.00",589.05,"11,191.95",11.19,"8,415.00","2,776.95",2.78,16-01-2022,Jan,Q1,2022,Jackson Hill,Amarilla,Germany,"1,683.00"
344,Channel Partners,CUST_ID_076,PROD_ID_006,Medium,"1,123.00",260,12,"13,476.00",673.8,"12,802.20",12.8,"3,369.00","9,433.20",9.43,01-01-2022,Jan,Q1,2022,Charlotte Garcia,Amarilla,France,"1,123.00"
345,Channel Partners,CUST_ID_088,PROD_ID_005,Medium,"1,865.00",3,12,"22,380.00",1119,"21,261.00",21.26,"5,595.00","15,666.00",15.67,13-01-2022,Jan,Q1,2022,Charlotte Hill,Carretera,Japan,"1,865.00"
346,Channel Partners,CUST_ID_010,PROD_ID_005,Medium,"1,116.00",3,12,"13,392.00",669.6,"12,722.40",12.72,"3,348.00","9,374.40",9.37,29-05-2021,May,Q2,2022,Sophia Anderson,Carretera,Canada,"1,116.00"
347,Government,CUST_ID_021,PROD_ID_005,Medium,"1,563.00",3,20,"31,260.00",1563,"29,697.00",29.7,"15,630.00","14,067.00",14.07,09-08-2021,Aug,Q3,2022,Aiden Lewis,Carretera,Germany,"1,563.00"
348,Small Business,CUST_ID_134,PROD_ID_005,Medium,991,3,300,"2,97,300.00",14865,"2,82,435.00",282.44,"2,47,750.00","34,685.00",34.69,23-12-2022,Dec,Q4,2022,Mia Hill,Carretera,Italy,991
349,Midmarket,CUST_ID_108,PROD_ID_005,Medium,"2,791.00",3,15,"41,865.00",2093.25,"39,771.75",39.77,"27,910.00","11,861.75",11.86,06-09-2021,Sep,Q3,2022,Emily Martin,Carretera,France,"2,791.00"
350,Government,CUST_ID_057,PROD_ID_005,Medium,570,3,7,"3,990.00",199.5,"3,790.50",3.79,"2,850.00",940.5,0.94,05-04-2021,Apr,Q2,2022,Jackson Hill,Carretera,USA,570
351,Government,CUST_ID_021,PROD_ID_005,Medium,"2,487.00",3,7,"17,409.00",870.45,"16,538.55",16.54,"12,435.00","4,103.55",4.1,08-08-2022,Aug,Q3,2022,Aiden Lewis,Carretera,Germany,"2,487.00"
352,Government,CUST_ID_059,PROD_ID_001,Medium,"1,384.50",5,350,"4,84,575.00",24228.75,"4,60,346.25",460.35,"3,59,970.00","1,00,376.25",100.38,24-06-2021,Jun,Q2,2022,Aiden Martin,Montana,England,"1,384.50"
353,Enterprise,CUST_ID_013,PROD_ID_001,Medium,"3,627.00",5,125,"4,53,375.00",22668.75,"4,30,706.25",430.71,"4,35,240.00","-4,533.75",-4.53,06-06-2021,Jun,Q2,2022,Logan Jackson,Montana,Germany,"3,627.00"
354,Channel Partners,CUST_ID_111,PROD_ID_001,Medium,"2,342.00",5,12,"28,104.00",1405.2,"26,698.80",26.7,"7,026.00","19,672.80",19.67,24-08-2021,Aug,Q3,2022,Logan Phillips,Montana,India,"2,342.00"
355,Government,CUST_ID_052,PROD_ID_002,Medium,"1,303.00",10,20,"26,060.00",1303,"24,757.00",24.76,"13,030.00","11,727.00",11.73,23-11-2022,Nov,Q4,2022,Charlotte Martin,Paseo,France,"1,303.00"
356,Enterprise,CUST_ID_115,PROD_ID_002,Medium,"2,992.00",10,125,"3,74,000.00",18700,"3,55,300.00",355.3,"3,59,040.00","-3,740.00",-3.74,16-05-2022,May,Q2,2022,Henry Garcia,Paseo,England,"2,992.00"
357,Enterprise,CUST_ID_051,PROD_ID_002,Medium,"2,385.00",10,125,"2,98,125.00",14906.25,"2,83,218.75",283.22,"2,86,200.00","-2,981.25",-2.98,13-01-2021,Jan,Q1,2022,Logan Phillips,Paseo,England,"2,385.00"
358,Small Business,CUST_ID_003,PROD_ID_002,Medium,"1,607.00",10,300,"4,82,100.00",24105,"4,57,995.00",458,"4,01,750.00","56,245.00",56.25,03-03-2021,Mar,Q1,2022,Noah Williams,Paseo,England,"1,607.00"
359,Government,CUST_ID_027,PROD_ID_002,Medium,"2,327.00",10,7,"16,289.00",814.45,"15,474.55",15.47,"11,635.00","3,839.55",3.84,25-03-2022,Mar,Q1,2022,Michael Hill,Paseo,England,"2,327.00"
360,Small Business,CUST_ID_116,PROD_ID_002,Medium,991,10,300,"2,97,300.00",14865,"2,82,435.00",282.44,"2,47,750.00","34,685.00",34.69,07-10-2021,Oct,Q4,2022,Amelia Phillips,Paseo,France,991
361,Government,CUST_ID_027,PROD_ID_002,Medium,602,10,350,"2,10,700.00",10535,"2,00,165.00",200.17,"1,56,520.00","43,645.00",43.65,21-11-2022,Nov,Q4,2022,Michael Hill,Paseo,England,602
362,Midmarket,CUST_ID_002,PROD_ID_002,Medium,"2,620.00",10,15,"39,300.00",1965,"37,335.00",37.34,"26,200.00","11,135.00",11.14,31-01-2021,Jan,Q1,2022,Emma Johnson,Paseo,Canada,"2,620.00"
363,Enterprise,CUST_ID_115,PROD_ID_002,Medium,861,10,125,"1,07,625.00",5381.25,"1,02,243.75",102.24,"1,03,320.00","-1,076.25",-1.08,17-07-2021,Jul,Q3,2022,Henry Garcia,Paseo,England,861
364,Government,CUST_ID_027,PROD_ID_002,Medium,"2,663.00",10,20,"53,260.00",2663,"50,597.00",50.6,"26,630.00","23,967.00",23.97,20-01-2021,Jan,Q1,2022,Michael Hill,Paseo,England,"2,663.00"
365,Midmarket,CUST_ID_135,PROD_ID_003,Medium,555,120,15,"8,325.00",416.25,"7,908.75",7.91,"5,550.00","2,358.75",2.36,03-10-2021,Oct,Q4,2022,Logan Phillips,Velo,India,555
366,Midmarket,CUST_ID_091,PROD_ID_003,Medium,"2,861.00",120,15,"42,915.00",2145.75,"40,769.25",40.77,"28,610.00","12,159.25",12.16,20-07-2022,Jul,Q3,2022,Henry Garcia,Velo,England,"2,861.00"
367,Enterprise,CUST_ID_029,PROD_ID_003,Medium,807,120,125,"1,00,875.00",5043.75,"95,831.25",95.83,"96,840.00","-1,008.75",-1.01,07-10-2022,Oct,Q4,2022,Elijah Martin,Velo,Germany,807
368,Government,CUST_ID_041,PROD_ID_003,Medium,602,120,350,"2,10,700.00",10535,"2,00,165.00",200.17,"1,56,520.00","43,645.00",43.65,23-01-2022,Jan,Q1,2022,Aiden Clark,Velo,USA,602
369,Government,CUST_ID_041,PROD_ID_003,Medium,"2,832.00",120,20,"56,640.00",2832,"53,808.00",53.81,"28,320.00","25,488.00",25.49,10-12-2021,Dec,Q4,2022,Aiden Clark,Velo,USA,"2,832.00"
370,Government,CUST_ID_054,PROD_ID_003,Medium,"1,579.00",120,20,"31,580.00",1579,"30,001.00",30,"15,790.00","14,211.00",14.21,13-11-2022,Nov,Q4,2022,Harper Wilson,Velo,Italy,"1,579.00"
371,Enterprise,CUST_ID_015,PROD_ID_003,Medium,861,120,125,"1,07,625.00",5381.25,"1,02,243.75",102.24,"1,03,320.00","-1,076.25",-1.08,27-04-2022,Apr,Q2,2022,Samuel Taylor,Velo,India,861
372,Small Business,CUST_ID_102,PROD_ID_003,Medium,"1,250.00",120,300,"3,75,000.00",18750,"3,56,250.00",356.25,"3,12,500.00","43,750.00",43.75,25-05-2022,May,Q2,2022,Harper Phillips,Velo,Italy,"1,250.00"
373,Government,CUST_ID_033,PROD_ID_004,Medium,"2,663.00",250,20,"53,260.00",2663,"50,597.00",50.6,"26,630.00","23,967.00",23.97,16-08-2022,Aug,Q3,2022,Logan Garcia,VTT,USA,"2,663.00"
374,Government,CUST_ID_033,PROD_ID_004,Medium,570,250,7,"3,990.00",199.5,"3,790.50",3.79,"2,850.00",940.5,0.94,24-10-2022,Oct,Q4,2022,Logan Garcia,VTT,USA,570
375,Government,CUST_ID_008,PROD_ID_004,Medium,"2,487.00",250,7,"17,409.00",870.45,"16,538.55",16.54,"12,435.00","4,103.55",4.1,27-03-2022,Mar,Q1,2022,Isabella Wilson,VTT,Japan,"2,487.00"
376,Government,CUST_ID_035,PROD_ID_006,Medium,"1,350.00",260,350,"4,72,500.00",23625,"4,48,875.00",448.88,"3,51,000.00","97,875.00",97.88,18-12-2022,Dec,Q4,2022,Samuel Johnson,Amarilla,England,"1,350.00"
377,Government,CUST_ID_047,PROD_ID_006,Medium,552,260,350,"1,93,200.00",9660,"1,83,540.00",183.54,"1,43,520.00","40,020.00",40.02,29-08-2021,Aug,Q3,2022,Michael Wilson,Amarilla,India,552
378,Small Business,CUST_ID_126,PROD_ID_006,Medium,"1,250.00",260,300,"3,75,000.00",18750,"3,56,250.00",356.25,"3,12,500.00","43,750.00",43.75,15-08-2022,Aug,Q3,2022,Harper Phillips,Amarilla,Italy,"1,250.00"
379,Midmarket,CUST_ID_002,PROD_ID_002,Medium,"3,801.00",10,15,"57,015.00",3420.9,"53,594.10",53.59,"38,010.00","15,584.10",15.58,19-03-2022,Mar,Q1,2022,Emma Johnson,Paseo,Canada,"3,801.00"
380,Government,CUST_ID_057,PROD_ID_005,Medium,"1,117.50",3,20,"22,350.00",1341,"21,009.00",21.01,"11,175.00","9,834.00",9.83,12-06-2021,Jun,Q2,2022,Jackson Hill,Carretera,USA,"1,117.50"
381,Midmarket,CUST_ID_090,PROD_ID_005,Medium,"2,844.00",3,15,"42,660.00",2559.6,"40,100.40",40.1,"28,440.00","11,660.40",11.66,27-07-2021,Jul,Q3,2022,Harper Martin,Carretera,Canada,"2,844.00"
382,Channel Partners,CUST_ID_077,PROD_ID_005,Medium,562,3,12,"6,744.00",404.64,"6,339.36",6.34,"1,686.00","4,653.36",4.65,23-11-2021,Nov,Q4,2022,Samuel Phillips,Carretera,Germany,562
383,Midmarket,CUST_ID_136,PROD_ID_005,Medium,"2,030.00",3,15,"30,450.00",1827,"28,623.00",28.62,"20,300.00","8,323.00",8.32,26-07-2021,Jul,Q3,2022,Charlotte Hill,Carretera,Japan,"2,030.00"
384,Government,CUST_ID_049,PROD_ID_001,Medium,980,5,350,"3,43,000.00",20580,"3,22,420.00",322.42,"2,54,800.00","67,620.00",67.62,15-07-2022,Jul,Q3,2022,Elijah Perez,Montana,USA,980
385,Government,CUST_ID_037,PROD_ID_001,Medium,"1,460.00",5,350,"5,11,000.00",30660,"4,80,340.00",480.34,"3,79,600.00","1,00,740.00",100.74,17-05-2022,May,Q2,2022,Henry Martinez,Montana,Germany,"1,460.00"
386,Channel Partners,CUST_ID_119,PROD_ID_001,Medium,"2,723.00",5,12,"32,676.00",1960.56,"30,715.44",30.72,"8,169.00","22,546.44",22.55,20-11-2022,Nov,Q4,2022,Aiden Garcia,Montana,India,"2,723.00"
387,Government,CUST_ID_052,PROD_ID_002,Medium,"1,496.00",10,350,"5,23,600.00",31416,"4,92,184.00",492.18,"3,88,960.00","1,03,224.00",103.22,01-03-2021,Mar,Q1,2022,Charlotte Martin,Paseo,France,"1,496.00"
388,Enterprise,CUST_ID_007,PROD_ID_003,Medium,952,120,125,"1,19,000.00",7140,"1,11,860.00",111.86,"1,14,240.00","-2,380.00",-2.38,11-11-2022,Nov,Q4,2022,Ethan Miller,Velo,India,952
389,Enterprise,CUST_ID_015,PROD_ID_003,Medium,"2,755.00",120,125,"3,44,375.00",20662.5,"3,23,712.50",323.71,"3,30,600.00","-6,887.50",-6.89,17-08-2021,Aug,Q3,2022,Samuel Taylor,Velo,India,"2,755.00"
390,Midmarket,CUST_ID_096,PROD_ID_003,Medium,"1,530.00",120,15,"22,950.00",1377,"21,573.00",21.57,"15,300.00","6,273.00",6.27,24-08-2022,Aug,Q3,2022,Emily Phillips,Velo,Japan,"1,530.00"
391,Government,CUST_ID_054,PROD_ID_003,Medium,"1,496.00",120,350,"5,23,600.00",31416,"4,92,184.00",492.18,"3,88,960.00","1,03,224.00",103.22,14-05-2021,May,Q2,2022,Harper Wilson,Velo,Italy,"1,496.00"
392,Government,CUST_ID_031,PROD_ID_003,Medium,"1,498.00",120,7,"10,486.00",629.16,"9,856.84",9.86,"7,490.00","2,366.84",2.37,11-01-2022,Jan,Q1,2022,Benjamin Lee,Velo,India,"1,498.00"
393,Midmarket,CUST_ID_137,PROD_ID_004,Medium,"2,844.00",250,15,"42,660.00",2559.6,"40,100.40",40.1,"28,440.00","11,660.40",11.66,21-11-2021,Nov,Q4,2022,Samuel Turner,VTT,USA,"2,844.00"
394,Government,CUST_ID_034,PROD_ID_004,Medium,"1,498.00",250,7,"10,486.00",629.16,"9,856.84",9.86,"7,490.00","2,366.84",2.37,15-03-2021,Mar,Q1,2022,Charlotte Davis,VTT,Canada,"1,498.00"
395,Enterprise,CUST_ID_138,PROD_ID_006,Medium,"1,987.50",260,125,"2,48,437.50",14906.25,"2,33,531.25",233.53,"2,38,500.00","-4,968.75",-4.97,28-06-2022,Jun,Q2,2022,Harper Martin,Amarilla,Canada,"1,987.50"
396,Government,CUST_ID_093,PROD_ID_006,Medium,"1,679.00",260,350,"5,87,650.00",35259,"5,52,391.00",552.39,"4,36,540.00","1,15,851.00",115.85,18-11-2021,Nov,Q4,2022,Jackson Hill,Amarilla,Germany,"1,679.00"
397,Midmarket,CUST_ID_026,PROD_ID_002,Medium,"2,198.00",10,15,"32,970.00",1978.2,"30,991.80",30.99,"21,980.00","9,011.80",9.01,20-10-2022,Oct,Q4,2022,Avery Turner,Paseo,Canada,"2,198.00"
398,Midmarket,CUST_ID_038,PROD_ID_002,Medium,"1,743.00",10,15,"26,145.00",1568.7,"24,576.30",24.58,"17,430.00","7,146.30",7.15,16-03-2022,Mar,Q1,2022,Amelia Wilson,Paseo,Italy,"1,743.00"
399,Midmarket,CUST_ID_026,PROD_ID_002,Medium,"1,153.00",10,15,"17,295.00",1037.7,"16,257.30",16.26,"11,530.00","4,727.30",4.73,18-11-2021,Nov,Q4,2022,Avery Turner,Paseo,Canada,"1,153.00"
400,Government,CUST_ID_028,PROD_ID_003,Medium,"1,001.00",120,20,"20,020.00",1201.2,"18,818.80",18.82,"10,010.00","8,808.80",8.81,30-11-2022,Nov,Q4,2022,Sofia Phillips,Velo,France,"1,001.00"
401,Government,CUST_ID_031,PROD_ID_003,Medium,"1,333.00",120,7,"9,331.00",559.86,"8,771.14",8.77,"6,665.00","2,106.14",2.11,17-06-2021,Jun,Q2,2022,Benjamin Lee,Velo,India,"1,333.00"
402,Midmarket,CUST_ID_139,PROD_ID_004,Medium,"1,153.00",250,15,"17,295.00",1037.7,"16,257.30",16.26,"11,530.00","4,727.30",4.73,13-10-2022,Oct,Q4,2022,Henry Garcia,VTT,England,"1,153.00"
403,Channel Partners,CUST_ID_077,PROD_ID_005,Medium,727,3,12,"8,724.00",610.68,"8,113.32",8.11,"2,181.00","5,932.32",5.93,20-08-2022,Aug,Q3,2022,Samuel Phillips,Carretera,Germany,727
404,Channel Partners,CUST_ID_036,PROD_ID_005,Medium,"1,884.00",3,12,"22,608.00",1582.56,"21,025.44",21.03,"5,652.00","15,373.44",15.37,24-04-2021,Apr,Q2,2022,Harper Anderson,Carretera,France,"1,884.00"
405,Channel Partners,CUST_ID_120,PROD_ID_001,Medium,"2,340.00",5,12,"28,080.00",1965.6,"26,114.40",26.11,"7,020.00","19,094.40",19.09,08-03-2022,Mar,Q1,2022,Emily Hill,Montana,Japan,"2,340.00"
406,Channel Partners,CUST_ID_129,PROD_ID_001,Medium,"2,342.00",5,12,"28,104.00",1967.28,"26,136.72",26.14,"7,026.00","19,110.72",19.11,25-08-2021,Aug,Q3,2022,Jackson Turner,Montana,USA,"2,342.00"
407,Midmarket,CUST_ID_140,PROD_ID_003,Medium,"1,262.00",120,15,"18,930.00",1325.1,"17,604.90",17.6,"12,620.00","4,984.90",4.98,18-04-2021,Apr,Q2,2022,Amelia Phillips,Velo,France,"1,262.00"
408,Government,CUST_ID_016,PROD_ID_003,Medium,"1,135.00",120,7,"7,945.00",556.15,"7,388.85",7.39,"5,675.00","1,713.85",1.71,08-05-2021,May,Q2,2022,Harper Davis,Velo,Japan,"1,135.00"
409,Government,CUST_ID_041,PROD_ID_003,Medium,547,120,7,"3,829.00",268.03,"3,560.97",3.56,"2,735.00",825.97,0.83,04-08-2022,Aug,Q3,2022,Aiden Clark,Velo,USA,547
410,Government,CUST_ID_016,PROD_ID_003,Medium,"1,582.00",120,7,"11,074.00",775.18,"10,298.82",10.3,"7,910.00","2,388.82",2.39,05-04-2021,Apr,Q2,2022,Harper Davis,Velo,Japan,"1,582.00"
411,Channel Partners,CUST_ID_081,PROD_ID_004,Medium,"1,738.50",250,12,"20,862.00",1460.34,"19,401.66",19.4,"5,215.50","14,186.16",14.19,25-02-2022,Feb,Q1,2022,Jackson Lewis,VTT,USA,"1,738.50"
412,Government,CUST_ID_055,PROD_ID_004,Medium,"1,582.00",250,7,"11,074.00",775.18,"10,298.82",10.3,"7,910.00","2,388.82",2.39,01-01-2022,Jan,Q1,2022,Henry Turner,VTT,India,"1,582.00"
413,Government,CUST_ID_047,PROD_ID_006,Medium,"1,135.00",260,7,"7,945.00",556.15,"7,388.85",7.39,"5,675.00","1,713.85",1.71,04-06-2021,Jun,Q2,2022,Michael Wilson,Amarilla,India,"1,135.00"
414,Government,CUST_ID_057,PROD_ID_005,Medium,"1,761.00",3,350,"6,16,350.00",43144.5,"5,73,205.50",573.21,"4,57,860.00","1,15,345.50",115.35,03-05-2022,May,Q2,2022,Jackson Hill,Carretera,USA,"1,761.00"
415,Small Business,CUST_ID_141,PROD_ID_005,Medium,448,3,300,"1,34,400.00",9408,"1,24,992.00",124.99,"1,12,000.00","12,992.00",12.99,14-08-2022,Aug,Q3,2022,Jackson Hill,Carretera,Germany,448
416,Small Business,CUST_ID_141,PROD_ID_005,Medium,"2,181.00",3,300,"6,54,300.00",45801,"6,08,499.00",608.5,"5,45,250.00","63,249.00",63.25,24-07-2021,Jul,Q3,2022,Jackson Hill,Carretera,Germany,"2,181.00"
417,Government,CUST_ID_059,PROD_ID_001,Medium,"1,976.00",5,20,"39,520.00",2766.4,"36,753.60",36.75,"19,760.00","16,993.60",16.99,24-09-2021,Sep,Q3,2022,Aiden Martin,Montana,England,"1,976.00"
418,Small Business,CUST_ID_078,PROD_ID_001,Medium,"2,181.00",5,300,"6,54,300.00",45801,"6,08,499.00",608.5,"5,45,250.00","63,249.00",63.25,26-07-2022,Jul,Q3,2022,Harper Hill,Montana,Italy,"2,181.00"
419,Small Business,CUST_ID_070,PROD_ID_002,Medium,"1,702.00",10,300,"5,10,600.00",35742,"4,74,858.00",474.86,"4,25,500.00","49,358.00",49.36,17-05-2022,May,Q2,2022,Abigail Garcia,Paseo,Italy,"1,702.00"
420,Small Business,CUST_ID_121,PROD_ID_002,Medium,448,10,300,"1,34,400.00",9408,"1,24,992.00",124.99,"1,12,000.00","12,992.00",12.99,04-06-2022,Jun,Q2,2022,Benjamin Phillips,Paseo,USA,448
421,Enterprise,CUST_ID_023,PROD_ID_002,Medium,"3,513.00",10,125,"4,39,125.00",30738.75,"4,08,386.25",408.39,"4,21,560.00","-13,173.75",-13.17,09-10-2021,Oct,Q4,2022,Sebastian Lee,Paseo,India,"3,513.00"
422,Midmarket,CUST_ID_002,PROD_ID_002,Medium,"2,101.00",10,15,"31,515.00",2206.05,"29,308.95",29.31,"21,010.00","8,298.95",8.3,28-04-2021,Apr,Q2,2022,Emma Johnson,Paseo,Canada,"2,101.00"
423,Government,CUST_ID_052,PROD_ID_002,Medium,"1,535.00",10,20,"30,700.00",2149,"28,551.00",28.55,"15,350.00","13,201.00",13.2,06-03-2021,Mar,Q1,2022,Charlotte Martin,Paseo,France,"1,535.00"
424,Small Business,CUST_ID_061,PROD_ID_003,Medium,"1,659.00",120,300,"4,97,700.00",34839,"4,62,861.00",462.86,"4,14,750.00","48,111.00",48.11,06-11-2022,Nov,Q4,2022,Benjamin Martin,Velo,Germany,"1,659.00"
425,Government,CUST_ID_031,PROD_ID_003,Medium,609,120,20,"12,180.00",852.6,"11,327.40",11.33,"6,090.00","5,237.40",5.24,20-12-2021,Dec,Q4,2022,Benjamin Lee,Velo,India,609
426,Enterprise,CUST_ID_029,PROD_ID_003,Medium,"2,087.00",120,125,"2,60,875.00",18261.25,"2,42,613.75",242.61,"2,50,440.00","-7,826.25",-7.83,12-04-2021,Apr,Q2,2022,Elijah Martin,Velo,Germany,"2,087.00"
427,Government,CUST_ID_054,PROD_ID_003,Medium,"1,976.00",120,20,"39,520.00",2766.4,"36,753.60",36.75,"19,760.00","16,993.60",16.99,03-08-2022,Aug,Q3,2022,Harper Wilson,Velo,Italy,"1,976.00"
428,Small Business,CUST_ID_086,PROD_ID_003,Medium,"1,372.00",120,300,"4,11,600.00",28812,"3,82,788.00",382.79,"3,43,000.00","39,788.00",39.79,29-07-2021,Jul,Q3,2022,Mia Hill,Velo,Italy,"1,372.00"
429,Channel Partners,CUST_ID_142,PROD_ID_004,Medium,"3,244.50",250,12,"38,934.00",2725.38,"36,208.62",36.21,"9,733.50","26,475.12",26.48,24-09-2022,Sep,Q3,2022,Abigail Martin,VTT,Italy,"3,244.50"
430,Small Business,CUST_ID_062,PROD_ID_004,Medium,959,250,300,"2,87,700.00",20139,"2,67,561.00",267.56,"2,39,750.00","27,811.00",27.81,14-04-2022,Apr,Q2,2022,Mia Lewis,VTT,Italy,959
431,Small Business,CUST_ID_017,PROD_ID_004,Medium,"2,747.00",250,300,"8,24,100.00",57687,"7,66,413.00",766.41,"6,86,750.00","79,663.00",79.66,10-04-2021,Apr,Q2,2022,Henry Anderson,VTT,USA,"2,747.00"
432,Enterprise,CUST_ID_143,PROD_ID_006,Medium,"1,645.00",260,125,"2,05,625.00",14393.75,"1,91,231.25",191.23,"1,97,400.00","-6,168.75",-6.17,03-06-2022,Jun,Q2,2022,Aiden Garcia,Amarilla,India,"1,645.00"
433,Government,CUST_ID_065,PROD_ID_006,Medium,"2,876.00",260,350,"10,06,600.00",70462,"9,36,138.00",936.14,"7,47,760.00","1,88,378.00",188.38,30-06-2022,Jun,Q2,2022,Samuel Wilson,Amarilla,USA,"2,876.00"
434,Government,CUST_ID_047,PROD_ID_006,Medium,"1,118.00",260,20,"22,360.00",1565.2,"20,794.80",20.79,"11,180.00","9,614.80",9.61,04-12-2021,Dec,Q4,2022,Michael Wilson,Amarilla,India,"1,118.00"
435,Small Business,CUST_ID_144,PROD_ID_006,Medium,"1,372.00",260,300,"4,11,600.00",28812,"3,82,788.00",382.79,"3,43,000.00","39,788.00",39.79,20-09-2022,Sep,Q3,2022,Emily Hill,Amarilla,Japan,"1,372.00"
436,Government,CUST_ID_043,PROD_ID_001,Medium,488,5,7,"3,416.00",273.28,"3,142.72",3.14,"2,440.00",702.72,0.7,20-10-2022,Oct,Q4,2022,Sebastian Phillips,Montana,England,488
437,Government,CUST_ID_099,PROD_ID_001,Medium,"1,282.00",5,20,"25,640.00",2051.2,"23,588.80",23.59,"12,820.00","10,768.80",10.77,12-10-2021,Oct,Q4,2022,Logan Martin,Montana,England,"1,282.00"
438,Government,CUST_ID_004,PROD_ID_002,Medium,257,10,7,"1,799.00",143.92,"1,655.08",1.66,"1,285.00",370.08,0.37,21-10-2021,Oct,Q4,2022,Olivia Brown,Paseo,France,257
439,Government,CUST_ID_064,PROD_ID_006,Medium,"1,282.00",260,20,"25,640.00",2051.2,"23,588.80",23.59,"12,820.00","10,768.80",10.77,02-10-2021,Oct,Q4,2022,Charlotte Anderson,Amarilla,Japan,"1,282.00"
440,Enterprise,CUST_ID_100,PROD_ID_005,Medium,"1,540.00",3,125,"1,92,500.00",15400,"1,77,100.00",177.1,"1,84,800.00","-7,700.00",-7.7,31-05-2021,May,Q2,2022,Charlotte Garcia,Carretera,France,"1,540.00"
441,Midmarket,CUST_ID_106,PROD_ID_005,Medium,490,3,15,"7,350.00",588,"6,762.00",6.76,"4,900.00","1,862.00",1.86,06-01-2022,Jan,Q1,2022,Abigail Phillips,Carretera,Canada,490
442,Government,CUST_ID_066,PROD_ID_005,Medium,"1,362.00",3,350,"4,76,700.00",38136,"4,38,564.00",438.56,"3,54,120.00","84,444.00",84.44,26-01-2021,Jan,Q1,2022,Harper Turner,Carretera,Canada,"1,362.00"
443,Midmarket,CUST_ID_145,PROD_ID_001,Medium,"2,501.00",5,15,"37,515.00",3001.2,"34,513.80",34.51,"25,010.00","9,503.80",9.5,03-01-2022,Jan,Q1,2022,Benjamin Phillips,Montana,USA,"2,501.00"
444,Government,CUST_ID_043,PROD_ID_001,Medium,708,5,20,"14,160.00",1132.8,"13,027.20",13.03,"7,080.00","5,947.20",5.95,27-11-2021,Nov,Q4,2022,Sebastian Phillips,Montana,England,708
445,Government,CUST_ID_037,PROD_ID_001,Medium,645,5,20,"12,900.00",1032,"11,868.00",11.87,"6,450.00","5,418.00",5.42,15-08-2022,Aug,Q3,2022,Henry Martinez,Montana,Germany,645
446,Small Business,CUST_ID_078,PROD_ID_001,Medium,"1,562.00",5,300,"4,68,600.00",37488,"4,31,112.00",431.11,"3,90,500.00","40,612.00",40.61,11-07-2022,Jul,Q3,2022,Harper Hill,Montana,Italy,"1,562.00"
447,Midmarket,CUST_ID_109,PROD_ID_001,Medium,711,5,15,"10,665.00",853.2,"9,811.80",9.81,"7,110.00","2,701.80",2.7,22-06-2022,Jun,Q2,2022,Benjamin Garcia,Montana,Germany,711
448,Enterprise,CUST_ID_024,PROD_ID_002,Medium,"1,114.00",10,125,"1,39,250.00",11140,"1,28,110.00",128.11,"1,33,680.00","-5,570.00",-5.57,09-11-2022,Nov,Q4,2022,Elizabeth Green,Paseo,Japan,"1,114.00"
449,Government,CUST_ID_072,PROD_ID_002,Medium,"1,259.00",10,7,"8,813.00",705.04,"8,107.96",8.11,"6,295.00","1,812.96",1.81,12-07-2022,Jul,Q3,2022,Emily Hill,Paseo,Japan,"1,259.00"
450,Government,CUST_ID_072,PROD_ID_002,Medium,"1,095.00",10,7,"7,665.00",613.2,"7,051.80",7.05,"5,475.00","1,576.80",1.58,28-09-2021,Sep,Q3,2022,Emily Hill,Paseo,Japan,"1,095.00"
451,Government,CUST_ID_072,PROD_ID_002,Medium,"1,366.00",10,20,"27,320.00",2185.6,"25,134.40",25.13,"13,660.00","11,474.40",11.47,04-03-2021,Mar,Q1,2022,Emily Hill,Paseo,Japan,"1,366.00"
452,Small Business,CUST_ID_003,PROD_ID_002,Medium,"2,460.00",10,300,"7,38,000.00",59040,"6,78,960.00",678.96,"6,15,000.00","63,960.00",63.96,27-07-2021,Jul,Q3,2022,Noah Williams,Paseo,England,"2,460.00"
453,Government,CUST_ID_027,PROD_ID_002,Medium,678,10,7,"4,746.00",379.68,"4,366.32",4.37,"3,390.00",976.32,0.98,21-03-2021,Mar,Q1,2022,Michael Hill,Paseo,England,678
454,Government,CUST_ID_072,PROD_ID_002,Medium,"1,598.00",10,7,"11,186.00",894.88,"10,291.12",10.29,"7,990.00","2,301.12",2.3,06-11-2021,Nov,Q4,2022,Emily Hill,Paseo,Japan,"1,598.00"
455,Government,CUST_ID_072,PROD_ID_002,Medium,"1,934.00",10,20,"38,680.00",3094.4,"35,585.60",35.59,"19,340.00","16,245.60",16.25,02-02-2021,Feb,Q1,2022,Emily Hill,Paseo,Japan,"1,934.00"
456,Government,CUST_ID_040,PROD_ID_002,Medium,"2,993.00",10,20,"59,860.00",4788.8,"55,071.20",55.07,"29,930.00","25,141.20",25.14,12-01-2021,Jan,Q1,2022,Abigail Lewis,Paseo,Japan,"2,993.00"
457,Government,CUST_ID_040,PROD_ID_002,Medium,"1,362.00",10,350,"4,76,700.00",38136,"4,38,564.00",438.56,"3,54,120.00","84,444.00",84.44,12-09-2022,Sep,Q3,2022,Abigail Lewis,Paseo,Japan,"1,362.00"
458,Channel Partners,CUST_ID_133,PROD_ID_003,Medium,598,120,12,"7,176.00",574.08,"6,601.92",6.6,"1,794.00","4,807.92",4.81,04-05-2021,May,Q2,2022,Benjamin Garcia,Velo,Germany,598
459,Government,CUST_ID_041,PROD_ID_003,Medium,"2,907.00",120,7,"20,349.00",1627.92,"18,721.08",18.72,"14,535.00","4,186.08",4.19,17-08-2022,Aug,Q3,2022,Aiden Clark,Velo,USA,"2,907.00"
460,Government,CUST_ID_028,PROD_ID_003,Medium,"2,338.00",120,7,"16,366.00",1309.28,"15,056.72",15.06,"11,690.00","3,366.72",3.37,05-07-2021,Jul,Q3,2022,Sofia Phillips,Velo,France,"2,338.00"
461,Small Business,CUST_ID_097,PROD_ID_003,Medium,635,120,300,"1,90,500.00",15240,"1,75,260.00",175.26,"1,58,750.00","16,510.00",16.51,11-08-2021,Aug,Q3,2022,Benjamin Hill,Velo,USA,635
462,Government,CUST_ID_008,PROD_ID_004,Medium,574.5,250,350,"2,01,075.00",16086,"1,84,989.00",184.99,"1,49,370.00","35,619.00",35.62,22-02-2022,Feb,Q1,2022,Isabella Wilson,VTT,Japan,574.5
463,Government,CUST_ID_056,PROD_ID_004,Medium,"2,338.00",250,7,"16,366.00",1309.28,"15,056.72",15.06,"11,690.00","3,366.72",3.37,13-10-2022,Oct,Q4,2022,Amelia Perez,VTT,Japan,"2,338.00"
464,Government,CUST_ID_008,PROD_ID_004,Medium,381,250,350,"1,33,350.00",10668,"1,22,682.00",122.68,"99,060.00","23,622.00",23.62,20-03-2022,Mar,Q1,2022,Isabella Wilson,VTT,Japan,381
465,Government,CUST_ID_056,PROD_ID_004,Medium,422,250,350,"1,47,700.00",11816,"1,35,884.00",135.88,"1,09,720.00","26,164.00",26.16,06-08-2022,Aug,Q3,2022,Amelia Perez,VTT,Japan,422
466,Small Business,CUST_ID_063,PROD_ID_004,Medium,"2,134.00",250,300,"6,40,200.00",51216,"5,88,984.00",588.98,"5,33,500.00","55,484.00",55.48,20-03-2022,Mar,Q1,2022,Logan Clark,VTT,India,"2,134.00"
467,Government,CUST_ID_047,PROD_ID_006,Medium,708,260,20,"14,160.00",1132.8,"13,027.20",13.03,"7,080.00","5,947.20",5.95,19-04-2021,Apr,Q2,2022,Michael Wilson,Amarilla,India,708
468,Government,CUST_ID_064,PROD_ID_006,Medium,"2,907.00",260,7,"20,349.00",1627.92,"18,721.08",18.72,"14,535.00","4,186.08",4.19,25-04-2022,Apr,Q2,2022,Charlotte Anderson,Amarilla,Japan,"2,907.00"
469,Government,CUST_ID_035,PROD_ID_006,Medium,"1,366.00",260,20,"27,320.00",2185.6,"25,134.40",25.13,"13,660.00","11,474.40",11.47,08-10-2022,Oct,Q4,2022,Samuel Johnson,Amarilla,England,"1,366.00"
470,Small Business,CUST_ID_127,PROD_ID_006,Medium,"2,460.00",260,300,"7,38,000.00",59040,"6,78,960.00",678.96,"6,15,000.00","63,960.00",63.96,15-06-2022,Jun,Q2,2022,Henry Martin,Amarilla,India,"2,460.00"
471,Government,CUST_ID_035,PROD_ID_006,Medium,"1,520.00",260,20,"30,400.00",2432,"27,968.00",27.97,"15,200.00","12,768.00",12.77,10-10-2022,Oct,Q4,2022,Samuel Johnson,Amarilla,England,"1,520.00"
472,Midmarket,CUST_ID_082,PROD_ID_006,Medium,711,260,15,"10,665.00",853.2,"9,811.80",9.81,"7,110.00","2,701.80",2.7,27-07-2022,Jul,Q3,2022,Abigail Clark,Amarilla,Canada,711
473,Small Business,CUST_ID_127,PROD_ID_006,Medium,635,260,300,"1,90,500.00",15240,"1,75,260.00",175.26,"1,58,750.00","16,510.00",16.51,27-06-2022,Jun,Q2,2022,Henry Martin,Amarilla,India,635
474,Government,CUST_ID_033,PROD_ID_004,Medium,436.5,250,20,"8,730.00",698.4,"8,031.60",8.03,"4,365.00","3,666.60",3.67,12-05-2022,May,Q2,2022,Logan Garcia,VTT,USA,436.5
475,Small Business,CUST_ID_146,PROD_ID_005,Medium,"1,094.00",3,300,"3,28,200.00",29538,"2,98,662.00",298.66,"2,73,500.00","25,162.00",25.16,20-12-2022,Dec,Q4,2022,Mia Turner,Carretera,Canada,"1,094.00"
476,Small Business,CUST_ID_074,PROD_ID_001,Medium,"3,802.50",5,300,"11,40,750.00",102667.5,"10,38,082.50","1,038.08","9,50,625.00","87,457.50",87.46,06-12-2022,Dec,Q4,2022,Mia Turner,Montana,Canada,"3,802.50"
477,Government,CUST_ID_059,PROD_ID_001,Medium,"1,666.00",5,350,"5,83,100.00",52479,"5,30,621.00",530.62,"4,33,160.00","97,461.00",97.46,01-09-2021,Sep,Q3,2022,Aiden Martin,Montana,England,"1,666.00"
478,Channel Partners,CUST_ID_110,PROD_ID_001,Medium,"2,321.00",5,12,"27,852.00",2506.68,"25,345.32",25.35,"6,963.00","18,382.32",18.38,21-06-2021,Jun,Q2,2022,Mia Hill,Montana,Italy,"2,321.00"
479,Enterprise,CUST_ID_013,PROD_ID_001,Medium,"2,797.00",5,125,"3,49,625.00",31466.25,"3,18,158.75",318.16,"3,35,640.00","-17,481.25",-17.48,24-10-2021,Oct,Q4,2022,Logan Jackson,Montana,Germany,"2,797.00"
480,Small Business,CUST_ID_003,PROD_ID_002,Medium,"2,565.00",10,300,"7,69,500.00",69255,"7,00,245.00",700.25,"6,41,250.00","58,995.00",59,29-07-2021,Jul,Q3,2022,Noah Williams,Paseo,England,"2,565.00"
481,Government,CUST_ID_040,PROD_ID_002,Medium,"2,417.00",10,350,"8,45,950.00",76135.5,"7,69,814.50",769.81,"6,28,420.00","1,41,394.50",141.39,24-04-2022,Apr,Q2,2022,Abigail Lewis,Paseo,Japan,"2,417.00"
482,Midmarket,CUST_ID_026,PROD_ID_002,Medium,"3,675.00",10,15,"55,125.00",4961.25,"50,163.75",50.16,"36,750.00","13,413.75",13.41,28-10-2021,Oct,Q4,2022,Avery Turner,Paseo,Canada,"3,675.00"
483,Small Business,CUST_ID_070,PROD_ID_002,Medium,"1,094.00",10,300,"3,28,200.00",29538,"2,98,662.00",298.66,"2,73,500.00","25,162.00",25.16,01-07-2021,Jul,Q3,2022,Abigail Garcia,Paseo,Italy,"1,094.00"
484,Midmarket,CUST_ID_002,PROD_ID_002,Medium,"1,227.00",10,15,"18,405.00",1656.45,"16,748.55",16.75,"12,270.00","4,478.55",4.48,21-10-2021,Oct,Q4,2022,Emma Johnson,Paseo,Canada,"1,227.00"
485,Small Business,CUST_ID_121,PROD_ID_002,Medium,"1,324.00",10,300,"3,97,200.00",35748,"3,61,452.00",361.45,"3,31,000.00","30,452.00",30.45,04-06-2021,Jun,Q2,2022,Benjamin Phillips,Paseo,USA,"1,324.00"
486,Enterprise,CUST_ID_115,PROD_ID_002,Medium,"2,797.00",10,125,"3,49,625.00",31466.25,"3,18,158.75",318.16,"3,35,640.00","-17,481.25",-17.48,26-07-2021,Jul,Q3,2022,Henry Garcia,Paseo,England,"2,797.00"
487,Midmarket,CUST_ID_091,PROD_ID_003,Medium,245,120,15,"3,675.00",330.75,"3,344.25",3.34,"2,450.00",894.25,0.89,29-12-2022,Dec,Q4,2022,Henry Garcia,Velo,England,245
488,Small Business,CUST_ID_101,PROD_ID_003,Medium,"3,793.50",120,300,"11,38,050.00",102424.5,"10,35,625.50","1,035.63","9,48,375.00","87,250.50",87.25,07-05-2022,May,Q2,2022,Samuel Hill,Velo,Germany,"3,793.50"
489,Government,CUST_ID_028,PROD_ID_003,Medium,"1,307.00",120,350,"4,57,450.00",41170.5,"4,16,279.50",416.28,"3,39,820.00","76,459.50",76.46,21-02-2021,Feb,Q1,2022,Sofia Phillips,Velo,France,"1,307.00"
490,Enterprise,CUST_ID_007,PROD_ID_003,Medium,567,120,125,"70,875.00",6378.75,"64,496.25",64.5,"68,040.00","-3,543.75",-3.54,24-11-2021,Nov,Q4,2022,Ethan Miller,Velo,India,567
491,Enterprise,CUST_ID_030,PROD_ID_003,Medium,"2,110.00",120,125,"2,63,750.00",23737.5,"2,40,012.50",240.01,"2,53,200.00","-13,187.50",-13.19,22-01-2021,Jan,Q1,2022,Sophia Turner,Velo,Italy,"2,110.00"
492,Government,CUST_ID_016,PROD_ID_003,Medium,"1,269.00",120,350,"4,44,150.00",39973.5,"4,04,176.50",404.18,"3,29,940.00","74,236.50",74.24,01-06-2022,Jun,Q2,2022,Harper Davis,Velo,Japan,"1,269.00"
493,Channel Partners,CUST_ID_147,PROD_ID_004,Medium,"1,956.00",250,12,"23,472.00",2112.48,"21,359.52",21.36,"5,868.00","15,491.52",15.49,22-11-2021,Nov,Q4,2022,Logan Martin,VTT,England,"1,956.00"
494,Small Business,CUST_ID_032,PROD_ID_004,Medium,"2,659.00",250,300,"7,97,700.00",71793,"7,25,907.00",725.91,"6,64,750.00","61,157.00",61.16,26-12-2022,Dec,Q4,2022,Mia White,VTT,Japan,"2,659.00"
495,Government,CUST_ID_033,PROD_ID_004,Medium,"1,351.50",250,350,"4,73,025.00",42572.25,"4,30,452.75",430.45,"3,51,390.00","79,062.75",79.06,21-11-2022,Nov,Q4,2022,Logan Garcia,VTT,USA,"1,351.50"
496,Channel Partners,CUST_ID_067,PROD_ID_004,Medium,880,250,12,"10,560.00",950.4,"9,609.60",9.61,"2,640.00","6,969.60",6.97,07-11-2021,Nov,Q4,2022,Henry Phillips,VTT,England,880
497,Small Business,CUST_ID_075,PROD_ID_004,Medium,"1,867.00",250,300,"5,60,100.00",50409,"5,09,691.00",509.69,"4,66,750.00","42,941.00",42.94,24-01-2021,Jan,Q1,2022,Logan Martin,VTT,England,"1,867.00"
498,Midmarket,CUST_ID_087,PROD_ID_004,Medium,"1,227.00",250,15,"18,405.00",1656.45,"16,748.55",16.75,"12,270.00","4,478.55",4.48,25-10-2022,Oct,Q4,2022,Logan Phillips,VTT,India,"1,227.00"
499,Enterprise,CUST_ID_125,PROD_ID_004,Medium,877,250,125,"1,09,625.00",9866.25,"99,758.75",99.76,"1,05,240.00","-5,481.25",-5.48,25-10-2022,Oct,Q4,2022,Samuel Hill,VTT,Germany,877
500,Government,CUST_ID_064,PROD_ID_006,Medium,"2,071.00",260,350,"7,24,850.00",65236.5,"6,59,613.50",659.61,"5,38,460.00","1,21,153.50",121.15,18-08-2022,Aug,Q3,2022,Charlotte Anderson,Amarilla,Japan,"2,071.00"
501,Government,CUST_ID_047,PROD_ID_006,Medium,"1,269.00",260,350,"4,44,150.00",39973.5,"4,04,176.50",404.18,"3,29,940.00","74,236.50",74.24,06-04-2021,Apr,Q2,2022,Michael Wilson,Amarilla,India,"1,269.00"
502,Government,CUST_ID_093,PROD_ID_006,Medium,"1,694.00",260,20,"33,880.00",3049.2,"30,830.80",30.83,"16,940.00","13,890.80",13.89,18-04-2021,Apr,Q2,2022,Jackson Hill,Amarilla,Germany,"1,694.00"
503,Government,CUST_ID_048,PROD_ID_005,Medium,663,3,20,"13,260.00",1193.4,"12,066.60",12.07,"6,630.00","5,436.60",5.44,29-10-2021,Oct,Q4,2022,Sofia Turner,Carretera,Japan,663
504,Government,CUST_ID_042,PROD_ID_005,Medium,819,3,7,"5,733.00",515.97,"5,217.03",5.22,"4,095.00","1,122.03",1.12,13-09-2021,Sep,Q3,2022,Emily Garcia,Carretera,Canada,819
505,Channel Partners,CUST_ID_010,PROD_ID_005,Medium,"1,580.00",3,12,"18,960.00",1706.4,"17,253.60",17.25,"4,740.00","12,513.60",12.51,21-01-2022,Jan,Q1,2022,Sophia Anderson,Carretera,Canada,"1,580.00"
506,Government,CUST_ID_066,PROD_ID_005,Medium,521,3,7,"3,647.00",328.23,"3,318.77",3.32,"2,605.00",713.77,0.71,26-10-2021,Oct,Q4,2022,Harper Turner,Carretera,Canada,521
507,Government,CUST_ID_027,PROD_ID_002,Medium,973,10,20,"19,460.00",1751.4,"17,708.60",17.71,"9,730.00","7,978.60",7.98,06-01-2021,Jan,Q1,2022,Michael Hill,Paseo,England,973
508,Government,CUST_ID_040,PROD_ID_002,Medium,"1,038.00",10,20,"20,760.00",1868.4,"18,891.60",18.89,"10,380.00","8,511.60",8.51,05-08-2022,Aug,Q3,2022,Abigail Lewis,Paseo,Japan,"1,038.00"
509,Government,CUST_ID_072,PROD_ID_002,Medium,360,10,7,"2,520.00",226.8,"2,293.20",2.29,"1,800.00",493.2,0.49,15-05-2021,May,Q2,2022,Emily Hill,Paseo,Japan,360
510,Channel Partners,CUST_ID_123,PROD_ID_003,Medium,"1,967.00",120,12,"23,604.00",2124.36,"21,479.64",21.48,"5,901.00","15,578.64",15.58,02-03-2021,Mar,Q1,2022,Logan Martin,Velo,England,"1,967.00"
511,Midmarket,CUST_ID_091,PROD_ID_003,Medium,"2,628.00",120,15,"39,420.00",3547.8,"35,872.20",35.87,"26,280.00","9,592.20",9.59,21-12-2021,Dec,Q4,2022,Henry Garcia,Velo,England,"2,628.00"
512,Government,CUST_ID_056,PROD_ID_004,Medium,360,250,7,"2,520.00",226.8,"2,293.20",2.29,"1,800.00",493.2,0.49,04-12-2022,Dec,Q4,2022,Amelia Perez,VTT,Japan,360
513,Government,CUST_ID_034,PROD_ID_004,Medium,521,250,7,"3,647.00",328.23,"3,318.77",3.32,"2,605.00",713.77,0.71,13-02-2022,Feb,Q1,2022,Charlotte Davis,VTT,Canada,521
514,Government,CUST_ID_093,PROD_ID_006,Medium,"1,038.00",260,20,"20,760.00",1868.4,"18,891.60",18.89,"10,380.00","8,511.60",8.51,25-06-2022,Jun,Q2,2022,Jackson Hill,Amarilla,Germany,"1,038.00"
515,Midmarket,CUST_ID_103,PROD_ID_006,Medium,"1,630.50",260,15,"24,457.50",2201.175,"22,256.33",22.26,"16,305.00","5,951.33",5.95,09-05-2021,May,Q2,2022,Henry Martin,Amarilla,India,"1,630.50"
516,Government,CUST_ID_099,PROD_ID_001,High,"2,328.00",5,7,"16,296.00",1629.6,"14,666.40",14.67,"11,640.00","3,026.40",3.03,22-10-2021,Oct,Q4,2022,Logan Martin,Montana,England,"2,328.00"
517,Enterprise,CUST_ID_009,PROD_ID_005,High,"3,445.50",3,125,"4,30,687.50",43068.75,"3,87,618.75",387.62,"4,13,460.00","-25,841.25",-25.84,25-10-2021,Oct,Q4,2022,Mason Taylor,Carretera,USA,"3,445.50"
518,Government,CUST_ID_099,PROD_ID_001,High,"2,313.00",5,350,"8,09,550.00",80955,"7,28,595.00",728.6,"6,01,380.00","1,27,215.00",127.22,07-06-2022,Jun,Q2,2022,Logan Martin,Montana,England,"2,313.00"
519,Midmarket,CUST_ID_145,PROD_ID_001,High,"2,072.00",5,15,"31,080.00",3108,"27,972.00",27.97,"20,720.00","7,252.00",7.25,23-04-2021,Apr,Q2,2022,Benjamin Phillips,Montana,USA,"2,072.00"
520,Government,CUST_ID_052,PROD_ID_002,High,"1,954.00",10,20,"39,080.00",3908,"35,172.00",35.17,"19,540.00","15,632.00",15.63,16-01-2021,Jan,Q1,2022,Charlotte Martin,Paseo,France,"1,954.00"
521,Small Business,CUST_ID_003,PROD_ID_002,High,591,10,300,"1,77,300.00",17730,"1,59,570.00",159.57,"1,47,750.00","11,820.00",11.82,22-04-2022,Apr,Q2,2022,Noah Williams,Paseo,England,591
522,Government,CUST_ID_072,PROD_ID_002,High,241,10,20,"4,820.00",482,"4,338.00",4.34,"2,410.00","1,928.00",1.93,24-10-2022,Oct,Q4,2022,Emily Hill,Paseo,Japan,241
523,Midmarket,CUST_ID_096,PROD_ID_003,High,681,120,15,"10,215.00",1021.5,"9,193.50",9.19,"6,810.00","2,383.50",2.38,19-05-2021,May,Q2,2022,Emily Phillips,Velo,Japan,681
524,Midmarket,CUST_ID_096,PROD_ID_003,High,510,120,15,"7,650.00",765,"6,885.00",6.89,"5,100.00","1,785.00",1.79,05-02-2022,Feb,Q1,2022,Emily Phillips,Velo,Japan,510
525,Midmarket,CUST_ID_135,PROD_ID_003,High,790,120,15,"11,850.00",1185,"10,665.00",10.67,"7,900.00","2,765.00",2.77,07-12-2021,Dec,Q4,2022,Logan Phillips,Velo,India,790
526,Government,CUST_ID_054,PROD_ID_003,High,639,120,350,"2,23,650.00",22365,"2,01,285.00",201.29,"1,66,140.00","35,145.00",35.15,14-06-2021,Jun,Q2,2022,Harper Wilson,Velo,Italy,639
527,Enterprise,CUST_ID_015,PROD_ID_003,High,"1,596.00",120,125,"1,99,500.00",19950,"1,79,550.00",179.55,"1,91,520.00","-11,970.00",-11.97,10-05-2022,May,Q2,2022,Samuel Taylor,Velo,India,"1,596.00"
528,Government,CUST_ID_028,PROD_ID_003,High,241,120,20,"4,820.00",482,"4,338.00",4.34,"2,410.00","1,928.00",1.93,21-06-2022,Jun,Q2,2022,Sofia Phillips,Velo,France,241
529,Government,CUST_ID_028,PROD_ID_003,High,"2,665.00",120,7,"18,655.00",1865.5,"16,789.50",16.79,"13,325.00","3,464.50",3.46,07-10-2022,Oct,Q4,2022,Sofia Phillips,Velo,France,"2,665.00"
530,Small Business,CUST_ID_061,PROD_ID_003,High,853,120,300,"2,55,900.00",25590,"2,30,310.00",230.31,"2,13,250.00","17,060.00",17.06,17-01-2022,Jan,Q1,2022,Benjamin Martin,Velo,Germany,853
531,Enterprise,CUST_ID_125,PROD_ID_004,High,341,250,125,"42,625.00",4262.5,"38,362.50",38.36,"40,920.00","-2,557.50",-2.56,30-01-2022,Jan,Q1,2022,Samuel Hill,VTT,Germany,341
532,Midmarket,CUST_ID_045,PROD_ID_004,High,641,250,15,"9,615.00",961.5,"8,653.50",8.65,"6,410.00","2,243.50",2.24,30-08-2021,Aug,Q3,2022,Alexander Hill,VTT,Germany,641
533,Government,CUST_ID_033,PROD_ID_004,High,"2,807.00",250,350,"9,82,450.00",98245,"8,84,205.00",884.21,"7,29,820.00","1,54,385.00",154.39,04-09-2021,Sep,Q3,2022,Logan Garcia,VTT,USA,"2,807.00"
534,Small Business,CUST_ID_017,PROD_ID_004,High,432,250,300,"1,29,600.00",12960,"1,16,640.00",116.64,"1,08,000.00","8,640.00",8.64,20-01-2022,Jan,Q1,2022,Henry Anderson,VTT,USA,432
535,Enterprise,CUST_ID_105,PROD_ID_004,High,"2,529.00",250,125,"3,16,125.00",31612.5,"2,84,512.50",284.51,"3,03,480.00","-18,967.50",-18.97,18-08-2021,Aug,Q3,2022,Jackson Turner,VTT,USA,"2,529.00"
536,Enterprise,CUST_ID_148,PROD_ID_006,High,579,260,125,"72,375.00",7237.5,"65,137.50",65.14,"69,480.00","-4,342.50",-4.34,08-12-2022,Dec,Q4,2022,Charlotte Garcia,Amarilla,France,579
537,Government,CUST_ID_047,PROD_ID_006,High,"2,240.00",260,350,"7,84,000.00",78400,"7,05,600.00",705.6,"5,82,400.00","1,23,200.00",123.2,13-11-2022,Nov,Q4,2022,Michael Wilson,Amarilla,India,"2,240.00"
538,Small Business,CUST_ID_144,PROD_ID_006,High,"2,993.00",260,300,"8,97,900.00",89790,"8,08,110.00",808.11,"7,48,250.00","59,860.00",59.86,09-08-2022,Aug,Q3,2022,Emily Hill,Amarilla,Japan,"2,993.00"
539,Channel Partners,CUST_ID_095,PROD_ID_006,High,"3,520.50",260,12,"42,246.00",4224.6,"38,021.40",38.02,"10,561.50","27,459.90",27.46,26-11-2021,Nov,Q4,2022,Aiden Garcia,Amarilla,India,"3,520.50"
540,Government,CUST_ID_093,PROD_ID_006,High,"2,039.00",260,20,"40,780.00",4078,"36,702.00",36.7,"20,390.00","16,312.00",16.31,18-04-2021,Apr,Q2,2022,Jackson Hill,Amarilla,Germany,"2,039.00"
541,Channel Partners,CUST_ID_098,PROD_ID_006,High,"2,574.00",260,12,"30,888.00",3088.8,"27,799.20",27.8,"7,722.00","20,077.20",20.08,02-05-2022,May,Q2,2022,Mia Turner,Amarilla,Canada,"2,574.00"
542,Government,CUST_ID_047,PROD_ID_006,High,707,260,350,"2,47,450.00",24745,"2,22,705.00",222.71,"1,83,820.00","38,885.00",38.89,16-01-2022,Jan,Q1,2022,Michael Wilson,Amarilla,India,707
543,Midmarket,CUST_ID_019,PROD_ID_006,High,"2,072.00",260,15,"31,080.00",3108,"27,972.00",27.97,"20,720.00","7,252.00",7.25,24-11-2021,Nov,Q4,2022,Jackson Martinez,Amarilla,England,"2,072.00"
544,Small Business,CUST_ID_149,PROD_ID_006,High,853,260,300,"2,55,900.00",25590,"2,30,310.00",230.31,"2,13,250.00","17,060.00",17.06,11-12-2022,Dec,Q4,2022,Samuel Hill,Amarilla,Germany,853
545,Government,CUST_ID_052,PROD_ID_002,High,"2,532.00",10,7,"17,724.00",1949.64,"15,774.36",15.77,"12,660.00","3,114.36",3.11,16-09-2022,Sep,Q3,2022,Charlotte Martin,Paseo,France,"2,532.00"
546,Midmarket,CUST_ID_140,PROD_ID_003,High,384,120,15,"5,760.00",633.6,"5,126.40",5.13,"3,840.00","1,286.40",1.29,08-06-2021,Jun,Q2,2022,Amelia Phillips,Velo,France,384
547,Channel Partners,CUST_ID_114,PROD_ID_003,High,472,120,12,"5,664.00",623.04,"5,040.96",5.04,"1,416.00","3,624.96",3.62,28-11-2021,Nov,Q4,2022,Harper Martin,Velo,Canada,472
548,Government,CUST_ID_033,PROD_ID_004,High,"1,579.00",250,7,"11,053.00",1215.83,"9,837.17",9.84,"7,895.00","1,942.17",1.94,06-02-2022,Feb,Q1,2022,Logan Garcia,VTT,USA,"1,579.00"
549,Midmarket,CUST_ID_046,PROD_ID_006,High,"3,199.50",260,15,"47,992.50",5279.175,"42,713.33",42.71,"31,995.00","10,718.33",10.72,15-04-2021,Apr,Q2,2022,Avery Anderson,Amarilla,Italy,"3,199.50"
550,Channel Partners,CUST_ID_098,PROD_ID_006,High,472,260,12,"5,664.00",623.04,"5,040.96",5.04,"1,416.00","3,624.96",3.62,13-10-2021,Oct,Q4,2022,Mia Turner,Amarilla,Canada,472
551,Channel Partners,CUST_ID_036,PROD_ID_005,High,"1,937.00",3,12,"23,244.00",2556.84,"20,687.16",20.69,"5,811.00","14,876.16",14.88,04-10-2021,Oct,Q4,2022,Harper Anderson,Carretera,France,"1,937.00"
552,Government,CUST_ID_048,PROD_ID_005,High,792,3,350,"2,77,200.00",30492,"2,46,708.00",246.71,"2,05,920.00","40,788.00",40.79,23-05-2021,May,Q2,2022,Sofia Turner,Carretera,Japan,792
553,Small Business,CUST_ID_020,PROD_ID_005,High,"2,811.00",3,300,"8,43,300.00",92763,"7,50,537.00",750.54,"7,02,750.00","47,787.00",47.79,31-08-2022,Aug,Q3,2022,Abigail Robinson,Carretera,France,"2,811.00"
554,Enterprise,CUST_ID_085,PROD_ID_005,High,"2,441.00",3,125,"3,05,125.00",33563.75,"2,71,561.25",271.56,"2,92,920.00","-21,358.75",-21.36,05-04-2022,Apr,Q2,2022,Benjamin Garcia,Carretera,Germany,"2,441.00"
555,Government,CUST_ID_037,PROD_ID_001,High,766,5,350,"2,68,100.00",29491,"2,38,609.00",238.61,"1,99,160.00","39,449.00",39.45,14-04-2022,Apr,Q2,2022,Henry Martinez,Montana,Germany,766
556,Midmarket,CUST_ID_112,PROD_ID_001,High,"2,157.00",5,15,"32,355.00",3559.05,"28,795.95",28.8,"21,570.00","7,225.95",7.23,30-08-2022,Aug,Q3,2022,Charlotte Hill,Montana,Japan,"2,157.00"
557,Small Business,CUST_ID_070,PROD_ID_002,High,873,10,300,"2,61,900.00",28809,"2,33,091.00",233.09,"2,18,250.00","14,841.00",14.84,31-12-2021,Dec,Q4,2022,Abigail Garcia,Paseo,Italy,873
558,Government,CUST_ID_040,PROD_ID_002,High,"1,122.00",10,20,"22,440.00",2468.4,"19,971.60",19.97,"11,220.00","8,751.60",8.75,27-12-2021,Dec,Q4,2022,Abigail Lewis,Paseo,Japan,"1,122.00"
559,Government,CUST_ID_004,PROD_ID_002,High,"2,104.50",10,350,"7,36,575.00",81023.25,"6,55,551.75",655.55,"5,47,170.00","1,08,381.75",108.38,03-12-2021,Dec,Q4,2022,Olivia Brown,Paseo,France,"2,104.50"
560,Channel Partners,CUST_ID_060,PROD_ID_002,High,"4,026.00",10,12,"48,312.00",5314.32,"42,997.68",43,"12,078.00","30,919.68",30.92,20-04-2022,Apr,Q2,2022,Emily Garcia,Paseo,France,"4,026.00"
561,Channel Partners,CUST_ID_025,PROD_ID_002,High,"2,425.50",10,12,"29,106.00",3201.66,"25,904.34",25.9,"7,276.50","18,627.84",18.63,01-12-2021,Dec,Q4,2022,Alexander Perez,Paseo,USA,"2,425.50"
562,Government,CUST_ID_004,PROD_ID_002,High,"2,394.00",10,20,"47,880.00",5266.8,"42,613.20",42.61,"23,940.00","18,673.20",18.67,12-03-2021,Mar,Q1,2022,Olivia Brown,Paseo,France,"2,394.00"
563,Midmarket,CUST_ID_044,PROD_ID_002,High,"1,984.00",10,15,"29,760.00",3273.6,"26,486.40",26.49,"19,840.00","6,646.40",6.65,24-11-2022,Nov,Q4,2022,Elizabeth Martin,Paseo,France,"1,984.00"
564,Enterprise,CUST_ID_051,PROD_ID_002,High,"2,441.00",10,125,"3,05,125.00",33563.75,"2,71,561.25",271.56,"2,92,920.00","-21,358.75",-21.36,05-10-2021,Oct,Q4,2022,Logan Phillips,Paseo,England,"2,441.00"
565,Small Business,CUST_ID_070,PROD_ID_002,High,"1,366.00",10,300,"4,09,800.00",45078,"3,64,722.00",364.72,"3,41,500.00","23,222.00",23.22,17-10-2021,Oct,Q4,2022,Abigail Garcia,Paseo,Italy,"1,366.00"
566,Government,CUST_ID_016,PROD_ID_003,High,"1,808.00",120,7,"12,656.00",1392.16,"11,263.84",11.26,"9,040.00","2,223.84",2.22,08-04-2021,Apr,Q2,2022,Harper Davis,Velo,Japan,"1,808.00"
567,Channel Partners,CUST_ID_081,PROD_ID_004,High,"1,734.00",250,12,"20,808.00",2288.88,"18,519.12",18.52,"5,202.00","13,317.12",13.32,03-10-2021,Oct,Q4,2022,Jackson Lewis,VTT,USA,"1,734.00"
568,Enterprise,CUST_ID_125,PROD_ID_004,High,554,250,125,"69,250.00",7617.5,"61,632.50",61.63,"66,480.00","-4,847.50",-4.85,04-06-2021,Jun,Q2,2022,Samuel Hill,VTT,Germany,554
569,Enterprise,CUST_ID_073,PROD_ID_006,High,"3,165.00",260,125,"3,95,625.00",43518.75,"3,52,106.25",352.11,"3,79,800.00","-27,693.75",-27.69,07-11-2021,Nov,Q4,2022,Benjamin Phillips,Amarilla,USA,"3,165.00"
570,Government,CUST_ID_093,PROD_ID_006,High,"2,629.00",260,20,"52,580.00",5783.8,"46,796.20",46.8,"26,290.00","20,506.20",20.51,26-04-2022,Apr,Q2,2022,Jackson Hill,Amarilla,Germany,"2,629.00"
571,Enterprise,CUST_ID_138,PROD_ID_006,High,"1,433.00",260,125,"1,79,125.00",19703.75,"1,59,421.25",159.42,"1,71,960.00","-12,538.75",-12.54,21-07-2021,Jul,Q3,2022,Harper Martin,Amarilla,Canada,"1,433.00"
572,Midmarket,CUST_ID_104,PROD_ID_006,High,"2,157.00",260,15,"32,355.00",3559.05,"28,795.95",28.8,"21,570.00","7,225.95",7.23,27-10-2021,Oct,Q4,2022,Amelia Hill,Amarilla,Japan,"2,157.00"
573,Government,CUST_ID_066,PROD_ID_005,High,886,3,350,"3,10,100.00",37212,"2,72,888.00",272.89,"2,30,360.00","42,528.00",42.53,07-12-2022,Dec,Q4,2022,Harper Turner,Carretera,Canada,886
574,Enterprise,CUST_ID_100,PROD_ID_005,High,"2,156.00",3,125,"2,69,500.00",32340,"2,37,160.00",237.16,"2,58,720.00","-21,560.00",-21.56,18-10-2021,Oct,Q4,2022,Charlotte Garcia,Carretera,France,"2,156.00"
575,Midmarket,CUST_ID_090,PROD_ID_005,High,"2,689.00",3,15,"40,335.00",4840.2,"35,494.80",35.49,"26,890.00","8,604.80",8.6,16-06-2021,Jun,Q2,2022,Harper Martin,Carretera,Canada,"2,689.00"
576,Midmarket,CUST_ID_113,PROD_ID_001,High,677,5,15,"10,155.00",1218.6,"8,936.40",8.94,"6,770.00","2,166.40",2.17,02-11-2022,Nov,Q4,2022,Samuel Turner,Montana,USA,677
577,Small Business,CUST_ID_078,PROD_ID_001,High,"1,773.00",5,300,"5,31,900.00",63828,"4,68,072.00",468.07,"4,43,250.00","24,822.00",24.82,03-12-2022,Dec,Q4,2022,Harper Hill,Montana,Italy,"1,773.00"
578,Government,CUST_ID_049,PROD_ID_001,High,"2,420.00",5,7,"16,940.00",2032.8,"14,907.20",14.91,"12,100.00","2,807.20",2.81,02-12-2021,Dec,Q4,2022,Elijah Perez,Montana,USA,"2,420.00"
579,Government,CUST_ID_043,PROD_ID_001,High,"2,734.00",5,7,"19,138.00",2296.56,"16,841.44",16.84,"13,670.00","3,171.44",3.17,07-05-2022,May,Q2,2022,Sebastian Phillips,Montana,England,"2,734.00"
580,Small Business,CUST_ID_116,PROD_ID_002,High,"3,495.00",10,300,"10,48,500.00",125820,"9,22,680.00",922.68,"8,73,750.00","48,930.00",48.93,03-09-2022,Sep,Q3,2022,Amelia Phillips,Paseo,France,"3,495.00"
581,Government,CUST_ID_040,PROD_ID_002,High,886,10,350,"3,10,100.00",37212,"2,72,888.00",272.89,"2,30,360.00","42,528.00",42.53,26-06-2021,Jun,Q2,2022,Abigail Lewis,Paseo,Japan,886
582,Enterprise,CUST_ID_024,PROD_ID_002,High,"2,156.00",10,125,"2,69,500.00",32340,"2,37,160.00",237.16,"2,58,720.00","-21,560.00",-21.56,24-06-2021,Jun,Q2,2022,Elizabeth Green,Paseo,Japan,"2,156.00"
583,Government,CUST_ID_040,PROD_ID_002,High,905,10,20,"18,100.00",2172,"15,928.00",15.93,"9,050.00","6,878.00",6.88,02-05-2022,May,Q2,2022,Abigail Lewis,Paseo,Japan,905
584,Government,CUST_ID_052,PROD_ID_002,High,"1,594.00",10,350,"5,57,900.00",66948,"4,90,952.00",490.95,"4,14,440.00","76,512.00",76.51,12-07-2021,Jul,Q3,2022,Charlotte Martin,Paseo,France,"1,594.00"
585,Small Business,CUST_ID_069,PROD_ID_002,High,"1,359.00",10,300,"4,07,700.00",48924,"3,58,776.00",358.78,"3,39,750.00","19,026.00",19.03,25-10-2021,Oct,Q4,2022,Jackson Hill,Paseo,Germany,"1,359.00"
586,Small Business,CUST_ID_003,PROD_ID_002,High,"2,150.00",10,300,"6,45,000.00",77400,"5,67,600.00",567.6,"5,37,500.00","30,100.00",30.1,23-04-2022,Apr,Q2,2022,Noah Williams,Paseo,England,"2,150.00"
587,Government,CUST_ID_040,PROD_ID_002,High,"1,197.00",10,350,"4,18,950.00",50274,"3,68,676.00",368.68,"3,11,220.00","57,456.00",57.46,27-03-2022,Mar,Q1,2022,Abigail Lewis,Paseo,Japan,"1,197.00"
588,Government,CUST_ID_040,PROD_ID_002,High,"1,233.00",10,20,"24,660.00",2959.2,"21,700.80",21.7,"12,330.00","9,370.80",9.37,22-07-2022,Jul,Q3,2022,Abigail Lewis,Paseo,Japan,"1,233.00"
589,Government,CUST_ID_031,PROD_ID_003,High,"1,395.00",120,350,"4,88,250.00",58590,"4,29,660.00",429.66,"3,62,700.00","66,960.00",66.96,06-02-2022,Feb,Q1,2022,Benjamin Lee,Velo,India,"1,395.00"
590,Government,CUST_ID_041,PROD_ID_003,High,986,120,350,"3,45,100.00",41412,"3,03,688.00",303.69,"2,56,360.00","47,328.00",47.33,19-12-2022,Dec,Q4,2022,Aiden Clark,Velo,USA,986
591,Government,CUST_ID_031,PROD_ID_003,High,905,120,20,"18,100.00",2172,"15,928.00",15.93,"9,050.00","6,878.00",6.88,26-10-2022,Oct,Q4,2022,Benjamin Lee,Velo,India,905
592,Channel Partners,CUST_ID_142,PROD_ID_004,High,"2,109.00",250,12,"25,308.00",3036.96,"22,271.04",22.27,"6,327.00","15,944.04",15.94,04-01-2022,Jan,Q1,2022,Abigail Martin,VTT,Italy,"2,109.00"
593,Midmarket,CUST_ID_087,PROD_ID_004,High,"3,874.50",250,15,"58,117.50",6974.1,"51,143.40",51.14,"38,745.00","12,398.40",12.4,22-12-2021,Dec,Q4,2022,Logan Phillips,VTT,India,"3,874.50"
594,Government,CUST_ID_033,PROD_ID_004,High,986,250,350,"3,45,100.00",41412,"3,03,688.00",303.69,"2,56,360.00","47,328.00",47.33,07-01-2022,Jan,Q1,2022,Logan Garcia,VTT,USA,986
595,Enterprise,CUST_ID_117,PROD_ID_004,High,"2,387.00",250,125,"2,98,375.00",35805,"2,62,570.00",262.57,"2,86,440.00","-23,870.00",-23.87,22-12-2022,Dec,Q4,2022,Jackson Hill,VTT,Germany,"2,387.00"
596,Government,CUST_ID_034,PROD_ID_004,High,"1,233.00",250,20,"24,660.00",2959.2,"21,700.80",21.7,"12,330.00","9,370.80",9.37,17-04-2021,Apr,Q2,2022,Charlotte Davis,VTT,Canada,"1,233.00"
597,Government,CUST_ID_064,PROD_ID_006,High,270,260,350,"94,500.00",11340,"83,160.00",83.16,"70,200.00","12,960.00",12.96,27-01-2021,Jan,Q1,2022,Charlotte Anderson,Amarilla,Japan,270
598,Government,CUST_ID_065,PROD_ID_006,High,"3,421.50",260,7,"23,950.50",2874.06,"21,076.44",21.08,"17,107.50","3,968.94",3.97,13-01-2022,Jan,Q1,2022,Samuel Wilson,Amarilla,USA,"3,421.50"
599,Government,CUST_ID_047,PROD_ID_006,High,"2,734.00",260,7,"19,138.00",2296.56,"16,841.44",16.84,"13,670.00","3,171.44",3.17,13-04-2022,Apr,Q2,2022,Michael Wilson,Amarilla,India,"2,734.00"
600,Government,CUST_ID_021,PROD_ID_005,High,"2,521.50",3,20,"50,430.00",6051.6,"44,378.40",44.38,"25,215.00","19,163.40",19.16,11-08-2022,Aug,Q3,2022,Aiden Lewis,Carretera,Germany,"2,521.50"
601,Channel Partners,CUST_ID_120,PROD_ID_001,High,"2,661.00",5,12,"31,932.00",3831.84,"28,100.16",28.1,"7,983.00","20,117.16",20.12,12-07-2021,Jul,Q3,2022,Emily Hill,Montana,Japan,"2,661.00"
602,Government,CUST_ID_072,PROD_ID_002,High,"1,531.00",10,20,"30,620.00",3674.4,"26,945.60",26.95,"15,310.00","11,635.60",11.64,19-05-2021,May,Q2,2022,Emily Hill,Paseo,Japan,"1,531.00"
603,Government,CUST_ID_008,PROD_ID_004,High,"1,491.00",250,7,"10,437.00",1252.44,"9,184.56",9.18,"7,455.00","1,729.56",1.73,23-03-2021,Mar,Q1,2022,Isabella Wilson,VTT,Japan,"1,491.00"
604,Government,CUST_ID_056,PROD_ID_004,High,"1,531.00",250,20,"30,620.00",3674.4,"26,945.60",26.95,"15,310.00","11,635.60",11.64,16-09-2021,Sep,Q3,2022,Amelia Perez,VTT,Japan,"1,531.00"
605,Midmarket,CUST_ID_136,PROD_ID_005,High,"2,567.00",3,15,"38,505.00",5005.65,"33,499.35",33.5,"25,670.00","7,829.35",7.83,04-12-2021,Dec,Q4,2022,Charlotte Hill,Carretera,Japan,"2,567.00"
606,Midmarket,CUST_ID_139,PROD_ID_004,High,"2,567.00",250,15,"38,505.00",5005.65,"33,499.35",33.5,"25,670.00","7,829.35",7.83,21-06-2021,Jun,Q2,2022,Henry Garcia,VTT,England,"2,567.00"
607,Government,CUST_ID_042,PROD_ID_005,High,923,3,350,"3,23,050.00",41996.5,"2,81,053.50",281.05,"2,39,980.00","41,073.50",41.07,08-04-2022,Apr,Q2,2022,Emily Garcia,Carretera,Canada,923
608,Government,CUST_ID_021,PROD_ID_005,High,"1,790.00",3,350,"6,26,500.00",81445,"5,45,055.00",545.06,"4,65,400.00","79,655.00",79.66,27-07-2021,Jul,Q3,2022,Aiden Lewis,Carretera,Germany,"1,790.00"
609,Government,CUST_ID_099,PROD_ID_001,High,982.5,5,350,"3,43,875.00",44703.75,"2,99,171.25",299.17,"2,55,450.00","43,721.25",43.72,24-11-2022,Nov,Q4,2022,Logan Martin,Montana,England,982.5
610,Government,CUST_ID_099,PROD_ID_001,High,"1,298.00",5,7,"9,086.00",1181.18,"7,904.82",7.9,"6,490.00","1,414.82",1.41,21-05-2022,May,Q2,2022,Logan Martin,Montana,England,"1,298.00"
611,Channel Partners,CUST_ID_120,PROD_ID_001,High,604,5,12,"7,248.00",942.24,"6,305.76",6.31,"1,812.00","4,493.76",4.49,10-07-2021,Jul,Q3,2022,Emily Hill,Montana,Japan,604
612,Government,CUST_ID_049,PROD_ID_001,High,"2,255.00",5,20,"45,100.00",5863,"39,237.00",39.24,"22,550.00","16,687.00",16.69,21-03-2022,Mar,Q1,2022,Elijah Perez,Montana,USA,"2,255.00"
613,Government,CUST_ID_043,PROD_ID_001,High,"1,249.00",5,20,"24,980.00",3247.4,"21,732.60",21.73,"12,490.00","9,242.60",9.24,16-04-2021,Apr,Q2,2022,Sebastian Phillips,Montana,England,"1,249.00"
614,Government,CUST_ID_027,PROD_ID_002,High,"1,438.50",10,7,"10,069.50",1309.035,"8,760.47",8.76,"7,192.50","1,567.97",1.57,27-09-2021,Sep,Q3,2022,Michael Hill,Paseo,England,"1,438.50"
615,Small Business,CUST_ID_069,PROD_ID_002,High,807,10,300,"2,42,100.00",31473,"2,10,627.00",210.63,"2,01,750.00","8,877.00",8.88,23-06-2022,Jun,Q2,2022,Jackson Hill,Paseo,Germany,807
616,Government,CUST_ID_027,PROD_ID_002,High,"2,641.00",10,20,"52,820.00",6866.6,"45,953.40",45.95,"26,410.00","19,543.40",19.54,22-01-2022,Jan,Q1,2022,Michael Hill,Paseo,England,"2,641.00"
617,Government,CUST_ID_072,PROD_ID_002,High,"2,708.00",10,20,"54,160.00",7040.8,"47,119.20",47.12,"27,080.00","20,039.20",20.04,27-10-2022,Oct,Q4,2022,Emily Hill,Paseo,Japan,"2,708.00"
618,Government,CUST_ID_004,PROD_ID_002,High,"2,632.00",10,350,"9,21,200.00",119756,"8,01,444.00",801.44,"6,84,320.00","1,17,124.00",117.12,21-11-2021,Nov,Q4,2022,Olivia Brown,Paseo,France,"2,632.00"
619,Enterprise,CUST_ID_122,PROD_ID_002,High,"1,583.00",10,125,"1,97,875.00",25723.75,"1,72,151.25",172.15,"1,89,960.00","-17,808.75",-17.81,24-10-2022,Oct,Q4,2022,Mia Turner,Paseo,Canada,"1,583.00"
620,Channel Partners,CUST_ID_071,PROD_ID_002,High,571,10,12,"6,852.00",890.76,"5,961.24",5.96,"1,713.00","4,248.24",4.25,30-08-2021,Aug,Q3,2022,Aiden Perez,Paseo,India,571
621,Government,CUST_ID_052,PROD_ID_002,High,"2,696.00",10,7,"18,872.00",2453.36,"16,418.64",16.42,"13,480.00","2,938.64",2.94,18-11-2022,Nov,Q4,2022,Charlotte Martin,Paseo,France,"2,696.00"
622,Midmarket,CUST_ID_006,PROD_ID_002,High,"1,565.00",10,15,"23,475.00",3051.75,"20,423.25",20.42,"15,650.00","4,773.25",4.77,29-01-2022,Jan,Q1,2022,Ava Davis,Paseo,Italy,"1,565.00"
623,Government,CUST_ID_004,PROD_ID_002,High,"1,249.00",10,20,"24,980.00",3247.4,"21,732.60",21.73,"12,490.00","9,242.60",9.24,27-12-2021,Dec,Q4,2022,Olivia Brown,Paseo,France,"1,249.00"
624,Government,CUST_ID_072,PROD_ID_002,High,357,10,350,"1,24,950.00",16243.5,"1,08,706.50",108.71,"92,820.00","15,886.50",15.89,04-01-2021,Jan,Q1,2022,Emily Hill,Paseo,Japan,357
625,Channel Partners,CUST_ID_014,PROD_ID_002,High,"1,013.00",10,12,"12,156.00",1580.28,"10,575.72",10.58,"3,039.00","7,536.72",7.54,18-11-2022,Nov,Q4,2022,Charlotte White,Paseo,Italy,"1,013.00"
626,Midmarket,CUST_ID_150,PROD_ID_003,High,"3,997.50",120,15,"59,962.50",7795.125,"52,167.38",52.17,"39,975.00","12,192.38",12.19,22-12-2021,Dec,Q4,2022,Harper Phillips,Velo,Italy,"3,997.50"
627,Government,CUST_ID_016,PROD_ID_003,High,"2,632.00",120,350,"9,21,200.00",119756,"8,01,444.00",801.44,"6,84,320.00","1,17,124.00",117.12,05-03-2022,Mar,Q1,2022,Harper Davis,Velo,Japan,"2,632.00"
628,Government,CUST_ID_054,PROD_ID_003,High,"1,190.00",120,7,"8,330.00",1082.9,"7,247.10",7.25,"5,950.00","1,297.10",1.3,07-05-2021,May,Q2,2022,Harper Wilson,Velo,Italy,"1,190.00"
629,Channel Partners,CUST_ID_124,PROD_ID_003,High,604,120,12,"7,248.00",942.24,"6,305.76",6.31,"1,812.00","4,493.76",4.49,10-09-2021,Sep,Q3,2022,Charlotte Garcia,Velo,France,604
630,Channel Partners,CUST_ID_124,PROD_ID_003,High,410,120,12,"4,920.00",639.6,"4,280.40",4.28,"1,230.00","3,050.40",3.05,14-02-2022,Feb,Q1,2022,Charlotte Garcia,Velo,France,410
631,Channel Partners,CUST_ID_114,PROD_ID_003,High,"1,013.00",120,12,"12,156.00",1580.28,"10,575.72",10.58,"3,039.00","7,536.72",7.54,17-08-2022,Aug,Q3,2022,Harper Martin,Velo,Canada,"1,013.00"
632,Enterprise,CUST_ID_105,PROD_ID_004,High,"1,583.00",250,125,"1,97,875.00",25723.75,"1,72,151.25",172.15,"1,89,960.00","-17,808.75",-17.81,14-09-2021,Sep,Q3,2022,Jackson Turner,VTT,USA,"1,583.00"
633,Midmarket,CUST_ID_137,PROD_ID_004,High,"1,565.00",250,15,"23,475.00",3051.75,"20,423.25",20.42,"15,650.00","4,773.25",4.77,21-06-2022,Jun,Q2,2022,Samuel Turner,VTT,USA,"1,565.00"
634,Enterprise,CUST_ID_143,PROD_ID_006,High,"1,659.00",260,125,"2,07,375.00",26958.75,"1,80,416.25",180.42,"1,99,080.00","-18,663.75",-18.66,22-08-2021,Aug,Q3,2022,Aiden Garcia,Amarilla,India,"1,659.00"
635,Government,CUST_ID_065,PROD_ID_006,High,"1,190.00",260,7,"8,330.00",1082.9,"7,247.10",7.25,"5,950.00","1,297.10",1.3,17-02-2022,Feb,Q1,2022,Samuel Wilson,Amarilla,USA,"1,190.00"
636,Channel Partners,CUST_ID_076,PROD_ID_006,High,410,260,12,"4,920.00",639.6,"4,280.40",4.28,"1,230.00","3,050.40",3.05,22-01-2022,Jan,Q1,2022,Charlotte Garcia,Amarilla,France,410
637,Government,CUST_ID_066,PROD_ID_005,High,"2,579.00",3,20,"51,580.00",7221.2,"44,358.80",44.36,"25,790.00","18,568.80",18.57,03-03-2021,Mar,Q1,2022,Harper Turner,Carretera,Canada,"2,579.00"
638,Government,CUST_ID_057,PROD_ID_005,High,"1,743.00",3,20,"34,860.00",4880.4,"29,979.60",29.98,"17,430.00","12,549.60",12.55,21-09-2022,Sep,Q3,2022,Jackson Hill,Carretera,USA,"1,743.00"
639,Government,CUST_ID_048,PROD_ID_005,High,280,3,7,"1,960.00",274.4,"1,685.60",1.69,"1,400.00",285.6,0.29,07-11-2021,Nov,Q4,2022,Sofia Turner,Carretera,Japan,280
640,Government,CUST_ID_059,PROD_ID_001,High,293,5,7,"2,051.00",287.14,"1,763.86",1.76,"1,465.00",298.86,0.3,03-05-2021,May,Q2,2022,Aiden Martin,Montana,England,293
641,Midmarket,CUST_ID_038,PROD_ID_002,High,278,10,15,"4,170.00",583.8,"3,586.20",3.59,"2,780.00",806.2,0.81,23-09-2021,Sep,Q3,2022,Amelia Wilson,Paseo,Italy,278
642,Government,CUST_ID_004,PROD_ID_002,High,"2,428.00",10,20,"48,560.00",6798.4,"41,761.60",41.76,"24,280.00","17,481.60",17.48,29-11-2021,Nov,Q4,2022,Olivia Brown,Paseo,France,"2,428.00"
643,Midmarket,CUST_ID_026,PROD_ID_002,High,"1,767.00",10,15,"26,505.00",3710.7,"22,794.30",22.79,"17,670.00","5,124.30",5.12,20-02-2022,Feb,Q1,2022,Avery Turner,Paseo,Canada,"1,767.00"
644,Channel Partners,CUST_ID_025,PROD_ID_002,High,"1,393.00",10,12,"16,716.00",2340.24,"14,375.76",14.38,"4,179.00","10,196.76",10.2,24-11-2021,Nov,Q4,2022,Alexander Perez,Paseo,USA,"1,393.00"
645,Government,CUST_ID_056,PROD_ID_004,High,280,250,7,"1,960.00",274.4,"1,685.60",1.69,"1,400.00",285.6,0.29,24-10-2021,Oct,Q4,2022,Amelia Perez,VTT,Japan,280
646,Channel Partners,CUST_ID_083,PROD_ID_006,High,"1,393.00",260,12,"16,716.00",2340.24,"14,375.76",14.38,"4,179.00","10,196.76",10.2,30-11-2022,Nov,Q4,2022,Aiden Anderson,Amarilla,England,"1,393.00"
647,Small Business,CUST_ID_011,PROD_ID_005,High,801,3,300,"2,40,300.00",33642,"2,06,658.00",206.66,"2,00,250.00","6,408.00",6.41,10-02-2021,Feb,Q1,2022,Benjamin Martinez,Carretera,England,801
648,Small Business,CUST_ID_146,PROD_ID_005,High,"1,496.00",3,300,"4,48,800.00",62832,"3,85,968.00",385.97,"3,74,000.00","11,968.00",11.97,26-02-2021,Feb,Q1,2022,Mia Turner,Carretera,Canada,"1,496.00"
649,Small Business,CUST_ID_134,PROD_ID_005,High,"1,010.00",3,300,"3,03,000.00",42420,"2,60,580.00",260.58,"2,52,500.00","8,080.00",8.08,25-04-2022,Apr,Q2,2022,Mia Hill,Carretera,Italy,"1,010.00"
650,Midmarket,CUST_ID_107,PROD_ID_005,High,"1,513.00",3,15,"22,695.00",3177.3,"19,517.70",19.52,"15,130.00","4,387.70",4.39,24-02-2021,Feb,Q1,2022,Aiden Hill,Carretera,England,"1,513.00"
651,Midmarket,CUST_ID_090,PROD_ID_005,High,"2,300.00",3,15,"34,500.00",4830,"29,670.00",29.67,"23,000.00","6,670.00",6.67,03-06-2022,Jun,Q2,2022,Harper Martin,Carretera,Canada,"2,300.00"
652,Government,CUST_ID_043,PROD_ID_001,High,"2,227.50",5,350,"7,79,625.00",109147.5,"6,70,477.50",670.48,"5,79,150.00","91,327.50",91.33,13-05-2021,May,Q2,2022,Sebastian Phillips,Montana,England,"2,227.50"
653,Government,CUST_ID_037,PROD_ID_001,High,"1,199.00",5,350,"4,19,650.00",58751,"3,60,899.00",360.9,"3,11,740.00","49,159.00",49.16,01-07-2021,Jul,Q3,2022,Henry Martinez,Montana,Germany,"1,199.00"
654,Government,CUST_ID_043,PROD_ID_001,High,200,5,350,"70,000.00",9800,"60,200.00",60.2,"52,000.00","8,200.00",8.2,17-08-2022,Aug,Q3,2022,Sebastian Phillips,Montana,England,200
655,Government,CUST_ID_043,PROD_ID_001,High,388,5,7,"2,716.00",380.24,"2,335.76",2.34,"1,940.00",395.76,0.4,08-10-2022,Oct,Q4,2022,Sebastian Phillips,Montana,England,388
656,Midmarket,CUST_ID_131,PROD_ID_001,High,"2,300.00",5,15,"34,500.00",4830,"29,670.00",29.67,"23,000.00","6,670.00",6.67,04-02-2022,Feb,Q1,2022,Aiden Hill,Montana,England,"2,300.00"
657,Government,CUST_ID_040,PROD_ID_002,High,260,10,20,"5,200.00",728,"4,472.00",4.47,"2,600.00","1,872.00",1.87,23-09-2021,Sep,Q3,2022,Abigail Lewis,Paseo,Japan,260
658,Channel Partners,CUST_ID_005,PROD_ID_002,High,"2,914.00",10,12,"34,968.00",4895.52,"30,072.48",30.07,"8,742.00","21,330.48",21.33,26-11-2022,Nov,Q4,2022,Liam Jones,Paseo,Germany,"2,914.00"
659,Government,CUST_ID_052,PROD_ID_002,High,"1,731.00",10,7,"12,117.00",1696.38,"10,420.62",10.42,"8,655.00","1,765.62",1.77,17-12-2021,Dec,Q4,2022,Charlotte Martin,Paseo,France,"1,731.00"
660,Government,CUST_ID_004,PROD_ID_002,High,700,10,350,"2,45,000.00",34300,"2,10,700.00",210.7,"1,82,000.00","28,700.00",28.7,10-07-2021,Jul,Q3,2022,Olivia Brown,Paseo,France,700
661,Government,CUST_ID_027,PROD_ID_002,High,"1,177.00",10,350,"4,11,950.00",57673,"3,54,277.00",354.28,"3,06,020.00","48,257.00",48.26,13-12-2021,Dec,Q4,2022,Michael Hill,Paseo,England,"1,177.00"
662,Enterprise,CUST_ID_030,PROD_ID_003,High,"1,575.00",120,125,"1,96,875.00",27562.5,"1,69,312.50",169.31,"1,89,000.00","-19,687.50",-19.69,08-10-2022,Oct,Q4,2022,Sophia Turner,Velo,Italy,"1,575.00"
663,Government,CUST_ID_041,PROD_ID_003,High,606,120,20,"12,120.00",1696.8,"10,423.20",10.42,"6,060.00","4,363.20",4.36,14-09-2022,Sep,Q3,2022,Aiden Clark,Velo,USA,606
664,Small Business,CUST_ID_086,PROD_ID_003,High,"2,460.00",120,300,"7,38,000.00",103320,"6,34,680.00",634.68,"6,15,000.00","19,680.00",19.68,20-01-2021,Jan,Q1,2022,Mia Hill,Velo,Italy,"2,460.00"
665,Government,CUST_ID_034,PROD_ID_004,High,"2,903.00",250,7,"20,321.00",2844.94,"17,476.06",17.48,"14,515.00","2,961.06",2.96,07-02-2022,Feb,Q1,2022,Charlotte Davis,VTT,Canada,"2,903.00"
666,Small Business,CUST_ID_075,PROD_ID_004,High,"2,541.00",250,300,"7,62,300.00",106722,"6,55,578.00",655.58,"6,35,250.00","20,328.00",20.33,09-07-2021,Jul,Q3,2022,Logan Martin,VTT,England,"2,541.00"
667,Small Business,CUST_ID_063,PROD_ID_004,High,"1,496.00",250,300,"4,48,800.00",62832,"3,85,968.00",385.97,"3,74,000.00","11,968.00",11.97,25-08-2022,Aug,Q3,2022,Logan Clark,VTT,India,"1,496.00"
668,Small Business,CUST_ID_075,PROD_ID_004,High,"1,010.00",250,300,"3,03,000.00",42420,"2,60,580.00",260.58,"2,52,500.00","8,080.00",8.08,16-05-2022,May,Q2,2022,Logan Martin,VTT,England,"1,010.00"
669,Small Business,CUST_ID_128,PROD_ID_006,High,888,260,300,"2,66,400.00",37296,"2,29,104.00",229.1,"2,22,000.00","7,104.00",7.1,06-11-2021,Nov,Q4,2022,Amelia Hill,Amarilla,Japan,888
670,Enterprise,CUST_ID_148,PROD_ID_006,High,"2,844.00",260,125,"3,55,500.00",49770,"3,05,730.00",305.73,"3,41,280.00","-35,550.00",-35.55,19-09-2021,Sep,Q3,2022,Charlotte Garcia,Amarilla,France,"2,844.00"
671,Channel Partners,CUST_ID_083,PROD_ID_006,High,"2,475.00",260,12,"29,700.00",4158,"25,542.00",25.54,"7,425.00","18,117.00",18.12,10-06-2021,Jun,Q2,2022,Aiden Anderson,Amarilla,England,"2,475.00"
672,Channel Partners,CUST_ID_018,PROD_ID_006,High,"2,914.00",260,12,"34,968.00",4895.52,"30,072.48",30.07,"8,742.00","21,330.48",21.33,16-06-2022,Jun,Q2,2022,Amelia Garcia,Amarilla,Canada,"2,914.00"
673,Government,CUST_ID_065,PROD_ID_006,High,"1,731.00",260,7,"12,117.00",1696.38,"10,420.62",10.42,"8,655.00","1,765.62",1.77,18-04-2021,Apr,Q2,2022,Samuel Wilson,Amarilla,USA,"1,731.00"
674,Enterprise,CUST_ID_085,PROD_ID_005,High,"1,174.00",3,125,"1,46,750.00",22012.5,"1,24,737.50",124.74,"1,40,880.00","-16,142.50",-16.14,02-06-2022,Jun,Q2,2022,Benjamin Garcia,Carretera,Germany,"1,174.00"
675,Enterprise,CUST_ID_058,PROD_ID_005,High,"2,767.00",3,125,"3,45,875.00",51881.25,"2,93,993.75",293.99,"3,32,040.00","-38,046.25",-38.05,31-12-2022,Dec,Q4,2022,Abigail Phillips,Carretera,Canada,"2,767.00"
676,Enterprise,CUST_ID_058,PROD_ID_005,High,"1,085.00",3,125,"1,35,625.00",20343.75,"1,15,281.25",115.28,"1,30,200.00","-14,918.75",-14.92,18-06-2022,Jun,Q2,2022,Abigail Phillips,Carretera,Canada,"1,085.00"
677,Small Business,CUST_ID_050,PROD_ID_001,High,546,5,300,"1,63,800.00",24570,"1,39,230.00",139.23,"1,36,500.00","2,730.00",2.73,14-01-2022,Jan,Q1,2022,Mia Hill,Montana,Canada,546
678,Government,CUST_ID_072,PROD_ID_002,High,"1,158.00",10,20,"23,160.00",3474,"19,686.00",19.69,"11,580.00","8,106.00",8.11,18-05-2022,May,Q2,2022,Emily Hill,Paseo,Japan,"1,158.00"
679,Midmarket,CUST_ID_006,PROD_ID_002,High,"1,614.00",10,15,"24,210.00",3631.5,"20,578.50",20.58,"16,140.00","4,438.50",4.44,10-10-2022,Oct,Q4,2022,Ava Davis,Paseo,Italy,"1,614.00"
680,Government,CUST_ID_040,PROD_ID_002,High,"2,535.00",10,7,"17,745.00",2661.75,"15,083.25",15.08,"12,675.00","2,408.25",2.41,21-03-2022,Mar,Q1,2022,Abigail Lewis,Paseo,Japan,"2,535.00"
681,Government,CUST_ID_040,PROD_ID_002,High,"2,851.00",10,350,"9,97,850.00",149677.5,"8,48,172.50",848.17,"7,41,260.00","1,06,912.50",106.91,13-03-2021,Mar,Q1,2022,Abigail Lewis,Paseo,Japan,"2,851.00"
682,Midmarket,CUST_ID_006,PROD_ID_002,High,"2,559.00",10,15,"38,385.00",5757.75,"32,627.25",32.63,"25,590.00","7,037.25",7.04,06-10-2022,Oct,Q4,2022,Ava Davis,Paseo,Italy,"2,559.00"
683,Enterprise,CUST_ID_023,PROD_ID_002,High,"1,085.00",10,125,"1,35,625.00",20343.75,"1,15,281.25",115.28,"1,30,200.00","-14,918.75",-14.92,30-12-2021,Dec,Q4,2022,Sebastian Lee,Paseo,India,"1,085.00"
684,Midmarket,CUST_ID_038,PROD_ID_002,High,"1,175.00",10,15,"17,625.00",2643.75,"14,981.25",14.98,"11,750.00","3,231.25",3.23,16-07-2021,Jul,Q3,2022,Amelia Wilson,Paseo,Italy,"1,175.00"
685,Channel Partners,CUST_ID_005,PROD_ID_002,High,914,10,12,"10,968.00",1645.2,"9,322.80",9.32,"2,742.00","6,580.80",6.58,16-11-2021,Nov,Q4,2022,Liam Jones,Paseo,Germany,914
686,Government,CUST_ID_052,PROD_ID_002,High,293,10,20,"5,860.00",879,"4,981.00",4.98,"2,930.00","2,051.00",2.05,15-10-2021,Oct,Q4,2022,Charlotte Martin,Paseo,France,293
687,Channel Partners,CUST_ID_124,PROD_ID_003,High,500,120,12,"6,000.00",900,"5,100.00",5.1,"1,500.00","3,600.00",3.6,07-02-2022,Feb,Q1,2022,Charlotte Garcia,Velo,France,500
688,Midmarket,CUST_ID_150,PROD_ID_003,High,"2,826.00",120,15,"42,390.00",6358.5,"36,031.50",36.03,"28,260.00","7,771.50",7.77,13-11-2022,Nov,Q4,2022,Harper Phillips,Velo,Italy,"2,826.00"
689,Enterprise,CUST_ID_053,PROD_ID_003,High,663,120,125,"82,875.00",12431.25,"70,443.75",70.44,"79,560.00","-9,116.25",-9.12,19-04-2021,Apr,Q2,2022,Samuel Hill,Velo,Germany,663
690,Channel Partners,CUST_ID_132,PROD_ID_003,High,914,120,12,"10,968.00",1645.2,"9,322.80",9.32,"2,742.00","6,580.80",6.58,12-05-2022,May,Q2,2022,Emily Martin,Velo,France,914
691,Government,CUST_ID_055,PROD_ID_004,High,865.5,250,20,"17,310.00",2596.5,"14,713.50",14.71,"8,655.00","6,058.50",6.06,24-06-2022,Jun,Q2,2022,Henry Turner,VTT,India,865.5
692,Midmarket,CUST_ID_039,PROD_ID_004,High,492,250,15,"7,380.00",1107,"6,273.00",6.27,"4,920.00","1,353.00",1.35,15-10-2021,Oct,Q4,2022,Jackson Turner,VTT,India,492
693,Midmarket,CUST_ID_039,PROD_ID_004,High,"1,175.00",250,15,"17,625.00",2643.75,"14,981.25",14.98,"11,750.00","3,231.25",3.23,09-04-2022,Apr,Q2,2022,Jackson Turner,VTT,India,"1,175.00"
694,Enterprise,CUST_ID_130,PROD_ID_004,High,552,250,125,"69,000.00",10350,"58,650.00",58.65,"66,240.00","-7,590.00",-7.59,27-12-2022,Dec,Q4,2022,Abigail Phillips,VTT,Canada,552
695,Government,CUST_ID_008,PROD_ID_004,High,293,250,20,"5,860.00",879,"4,981.00",4.98,"2,930.00","2,051.00",2.05,10-12-2021,Dec,Q4,2022,Isabella Wilson,VTT,Japan,293
696,Small Business,CUST_ID_149,PROD_ID_006,High,"2,475.00",260,300,"7,42,500.00",111375,"6,31,125.00",631.13,"6,18,750.00","12,375.00",12.38,28-03-2021,Mar,Q1,2022,Samuel Hill,Amarilla,Germany,"2,475.00"
697,Small Business,CUST_ID_127,PROD_ID_006,High,546,260,300,"1,63,800.00",24570,"1,39,230.00",139.23,"1,36,500.00","2,730.00",2.73,16-12-2021,Dec,Q4,2022,Henry Martin,Amarilla,India,546
698,Government,CUST_ID_049,PROD_ID_001,High,"1,368.00",5,7,"9,576.00",1436.4,"8,139.60",8.14,"6,840.00","1,299.60",1.3,22-04-2022,Apr,Q2,2022,Elijah Perez,Montana,USA,"1,368.00"
699,Government,CUST_ID_004,PROD_ID_002,High,723,10,7,"5,061.00",759.15,"4,301.85",4.3,"3,615.00",686.85,0.69,28-01-2022,Jan,Q1,2022,Olivia Brown,Paseo,France,723
700,Channel Partners,CUST_ID_147,PROD_ID_004,High,"1,806.00",250,12,"21,672.00",3250.8,"18,421.20",18.42,"5,418.00","13,003.20",13,19-03-2021,Mar,Q1,2022,Logan Martin,VTT,England,"1,806.00"
701,Enterprise,CUST_ID_053,PROD_ID_003,High,663,120,125,"82,875.00",12431.25,"70,443.75",70.44,"79,560.00","-9,116.25",-9.12,19-04-2021,Apr,Q2,2022,Samuel Hill,Velo,Germany,663
702,Channel Partners,CUST_ID_132,PROD_ID_003,High,914,120,12,"10,968.00",1645.2,"9,322.80",9.32,"2,742.00","6,580.80",6.58,12-05-2022,May,Q2,2022,Emily Martin,Velo,France,914
703,Government,CUST_ID_055,PROD_ID_004,High,865.5,250,20,"17,310.00",2596.5,"14,713.50",14.71,"8,655.00","6,058.50",6.06,24-06-2022,Jun,Q2,2022,Henry Turner,VTT,India,865.5
704,Midmarket,CUST_ID_039,PROD_ID_004,High,492,250,15,"7,380.00",1107,"6,273.00",6.27,"4,920.00","1,353.00",1.35,15-10-2021,Oct,Q4,2022,Jackson Turner,VTT,India,492
705,Midmarket,CUST_ID_039,PROD_ID_004,High,"1,175.00",250,15,"17,625.00",2643.75,"14,981.25",14.98,"11,750.00","3,231.25",3.23,09-04-2022,Apr,Q2,2022,Jackson Turner,VTT,India,"1,175.00"
706,Enterprise,CUST_ID_130,PROD_ID_004,High,552,250,125,"69,000.00",10350,"58,650.00",58.65,"66,240.00","-7,590.00",-7.59,27-12-2022,Dec,Q4,2022,Abigail Phillips,VTT,Canada,552
707,Government,CUST_ID_008,PROD_ID_004,High,293,250,20,"5,860.00",879,"4,981.00",4.98,"2,930.00","2,051.00",2.05,10-12-2021,Dec,Q4,2022,Isabella Wilson,VTT,Japan,293
708,Small Business,CUST_ID_149,PROD_ID_006,High,"2,475.00",260,300,"7,42,500.00",111375,"6,31,125.00",631.13,"6,18,750.00","12,375.00",12.38,28-03-2021,Mar,Q1,2022,Samuel Hill,Amarilla,Germany,"2,475.00"
709,Small Business,CUST_ID_127,PROD_ID_006,High,546,260,300,"1,63,800.00",24570,"1,39,230.00",139.23,"1,36,500.00","2,730.00",2.73,16-12-2021,Dec,Q4,2022,Henry Martin,Amarilla,India,546
710,Government,CUST_ID_049,PROD_ID_001,High,"1,368.00",5,7,"9,576.00",1436.4,"8,139.60",8.14,"6,840.00","1,299.60",1.3,22-04-2022,Apr,Q2,2022,Elijah Perez,Montana,USA,"1,368.00"
711,Government,CUST_ID_004,PROD_ID_002,High,723,10,7,"5,061.00",759.15,"4,301.85",4.3,"3,615.00",686.85,0.69,28-01-2022,Jan,Q1,2022,Olivia Brown,Paseo,France,723
712,Channel Partners,CUST_ID_147,PROD_ID_004,High,"1,806.00",250,12,"21,672.00",3250.8,"18,421.20",18.42,"5,418.00","13,003.20",13,19-03-2021,Mar,Q1,2022,Logan Martin,VTT,England,"1,806.00"
713,Channel Partners,CUST_ID_147,PROD_ID_004,High,"1,806.00",250,12,"21,672.00",3250.8,"18,421.20",18.42,"5,418.00","13,003.20",13,19-03-2021,Mar,Q1,2022,Logan Martin,VTT,England,"1,806.00"
714,Enterprise,CUST_ID_053,PROD_ID_003,High,663,120,125,"82,875.00",12431.25,"70,443.75",70.44,"79,560.00","-9,116.25",-9.12,19-04-2021,Apr,Q2,2022,Samuel Hill,Velo,Germany,663
715,Channel Partners,CUST_ID_132,PROD_ID_003,High,914,120,12,"10,968.00",1645.2,"9,322.80",9.32,"2,742.00","6,580.80",6.58,12-05-2022,May,Q2,2022,Emily Martin,Velo,France,914
716,Government,CUST_ID_055,PROD_ID_004,High,865.5,250,20,"17,310.00",2596.5,"14,713.50",14.71,"8,655.00","6,058.50",6.06,24-06-2022,Jun,Q2,2022,Henry Turner,VTT,India,865.5
717,Midmarket,CUST_ID_039,PROD_ID_004,High,492,250,15,"7,380.00",1107,"6,273.00",6.27,"4,920.00","1,353.00",1.35,15-10-2021,Oct,Q4,2022,Jackson Turner,VTT,India,492
718,Midmarket,CUST_ID_039,PROD_ID_004,High,"1,175.00",250,15,"17,625.00",2643.75,"14,981.25",14.98,"11,750.00","3,231.25",3.23,09-04-2022,Apr,Q2,2022,Jackson Turner,VTT,India,"1,175.00"
719,Enterprise,CUST_ID_130,PROD_ID_004,High,552,250,125,"69,000.00",10350,"58,650.00",58.65,"66,240.00","-7,590.00",-7.59,27-12-2022,Dec,Q4,2022,Abigail Phillips,VTT,Canada,552
720,Government,CUST_ID_008,PROD_ID_004,High,293,250,20,"5,860.00",879,"4,981.00",4.98,"2,930.00","2,051.00",2.05,10-12-2021,Dec,Q4,2022,Isabella Wilson,VTT,Japan,293
721,Small Business,CUST_ID_149,PROD_ID_006,High,"2,475.00",260,300,"7,42,500.00",111375,"6,31,125.00",631.13,"6,18,750.00","12,375.00",12.38,28-03-2021,Mar,Q1,2022,Samuel Hill,Amarilla,Germany,"2,475.00"
722,Small Business,CUST_ID_127,PROD_ID_006,High,546,260,300,"1,63,800.00",24570,"1,39,230.00",139.23,"1,36,500.00","2,730.00",2.73,16-12-2021,Dec,Q4,2022,Henry Martin,Amarilla,India,546
723,Government,CUST_ID_049,PROD_ID_001,High,"1,368.00",5,7,"9,576.00",1436.4,"8,139.60",8.14,"6,840.00","1,299.60",1.3,22-04-2023,Apr,Q2,2022,Elijah Perez,Montana,USA,"1,368.00"
724,Government,CUST_ID_004,PROD_ID_002,High,723,10,7,"5,061.00",759.15,"4,301.85",4.3,"3,615.00",686.85,0.69,28-01-2023,Jan,Q1,2022,Olivia Brown,Paseo,France,723
725,Channel Partners,CUST_ID_147,PROD_ID_004,High,"1,806.00",250,12,"21,672.00",3250.8,"18,421.20",18.42,"5,418.00","13,003.20",13,19-03-2023,Mar,Q1,2022,Logan Martin,VTT,England,"1,806.00"
726,Government,CUST_ID_008,PROD_ID_004,High,293,250,20,"5,860.00",879,"4,981.00",4.98,"2,930.00","2,051.00",2.05,10-12-2024,Dec,Q4,2022,Isabella Wilson,VTT,Japan,293
727,Small Business,CUST_ID_149,PROD_ID_006,High,"2,475.00",260,300,"7,42,500.00",111375,"6,31,125.00",631.13,"6,18,750.00","12,375.00",12.38,28-03-2024,Mar,Q1,2022,Samuel Hill,Amarilla,Germany,"2,475.00"
728,Small Business,CUST_ID_127,PROD_ID_006,High,546,260,300,"1,63,800.00",24570,"1,39,230.00",139.23,"1,36,500.00","2,730.00",2.73,16-12-2024,Dec,Q4,2022,Henry Martin,Amarilla,India,546
729,Government,CUST_ID_049,PROD_ID_001,High,"1,368.00",5,7,"9,576.00",1436.4,"8,139.60",8.14,"6,840.00","1,299.60",1.3,22-04-2024,Apr,Q2,2022,Elijah Perez,Montana,USA,"1,368.00"
730,Government,CUST_ID_004,PROD_ID_002,High,723,10,7,"5,061.00",759.15,"4,301.85",4.3,"3,615.00",686.85,0.69,28-01-2024,Jan,Q1,2022,Olivia Brown,Paseo,France,723
731,Channel Partners,CUST_ID_147,PROD_ID_004,High,"1,806.00",250,12,"21,672.00",3250.8,"18,421.20",18.42,"5,418.00","13,003.20",13,19-03-2024,Mar,Q1,2022,Logan Martin,VTT,England,"1,806.00"
732,Channel Partners,CUST_ID_147,PROD_ID_004,High,"1,806.00",250,12,"21,672.00",3250.8,"18,421.20",18.42,"5,418.00","13,003.20",13,19-03-2021,Mar,Q1,2022,Logan Martin,VTT,England,"1,806.00"
733,Enterprise,CUST_ID_053,PROD_ID_003,High,663,120,125,"82,875.00",12431.25,"70,443.75",70.44,"79,560.00","-9,116.25",-9.12,19-04-2021,Apr,Q2,2022,Samuel Hill,Velo,Germany,663
734,Channel Partners,CUST_ID_132,PROD_ID_003,High,914,120,12,"10,968.00",1645.2,"9,322.80",9.32,"2,742.00","6,580.80",6.58,12-05-2022,May,Q2,2022,Emily Martin,Velo,France,914
735,Government,CUST_ID_055,PROD_ID_004,High,865.5,250,20,"17,310.00",2596.5,"14,713.50",14.71,"8,655.00","6,058.50",6.06,24-06-2022,Jun,Q2,2022,Henry Turner,VTT,India,865.5
736,Midmarket,CUST_ID_039,PROD_ID_004,High,492,250,15,"7,380.00",1107,"6,273.00",6.27,"4,920.00","1,353.00",1.35,15-10-2021,Oct,Q4,2022,Jackson Turner,VTT,India,492
737,Midmarket,CUST_ID_039,PROD_ID_004,High,"1,175.00",250,15,"17,625.00",2643.75,"14,981.25",14.98,"11,750.00","3,231.25",3.23,09-04-2022,Apr,Q2,2022,Jackson Turner,VTT,India,"1,175.00"
738,Enterprise,CUST_ID_130,PROD_ID_004,High,552,250,125,"69,000.00",10350,"58,650.00",58.65,"66,240.00","-7,590.00",-7.59,27-12-2022,Dec,Q4,2022,Abigail Phillips,VTT,Canada,552
739,Government,CUST_ID_008,PROD_ID_004,High,293,250,20,"5,860.00",879,"4,981.00",4.98,"2,930.00","2,051.00",2.05,10-12-2021,Dec,Q4,2022,Isabella Wilson,VTT,Japan,293
740,Small Business,CUST_ID_149,PROD_ID_006,High,"2,475.00",260,300,"7,42,500.00",111375,"6,31,125.00",631.13,"6,18,750.00","12,375.00",12.38,28-03-2021,Mar,Q1,2022,Samuel Hill,Amarilla,Germany,"2,475.00"
741,Small Business,CUST_ID_127,PROD_ID_006,High,546,260,300,"1,63,800.00",24570,"1,39,230.00",139.23,"1,36,500.00","2,730.00",2.73,16-12-2021,Dec,Q4,2022,Henry Martin,Amarilla,India,546
742,Government,CUST_ID_049,PROD_ID_001,High,"1,368.00",5,7,"9,576.00",1436.4,"8,139.60",8.14,"6,840.00","1,299.60",1.3,22-04-2022,Apr,Q2,2022,Elijah Perez,Montana,USA,"1,368.00"
743,Government,CUST_ID_004,PROD_ID_002,High,723,10,7,"5,061.00",759.15,"4,301.85",4.3,"3,615.00",686.85,0.69,28-01-2022,Jan,Q1,2022,Olivia Brown,Paseo,France,723
744,Channel Partners,CUST_ID_147,PROD_ID_004,High,"1,806.00",250,12,"21,672.00",3250.8,"18,421.20",18.42,"5,418.00","13,003.20",13,19-03-2021,Mar,Q1,2022,Logan Martin,VTT,England,"1,806.00"
745,Channel Partners,CUST_ID_147,PROD_ID_004,High,"1,806.00",250,12,"21,672.00",3250.8,"18,421.20",18.42,"5,418.00","13,003.20",13,19-03-2021,Mar,Q1,2022,Logan Martin,VTT,England,"1,806.00"
746,Enterprise,CUST_ID_053,PROD_ID_003,High,663,120,125,"82,875.00",12431.25,"70,443.75",70.44,"79,560.00","-9,116.25",-9.12,19-04-2021,Apr,Q2,2022,Samuel Hill,Velo,Germany,663
747,Channel Partners,CUST_ID_132,PROD_ID_003,High,914,120,12,"10,968.00",1645.2,"9,322.80",9.32,"2,742.00","6,580.80",6.58,12-05-2022,May,Q2,2022,Emily Martin,Velo,France,914
748,Government,CUST_ID_055,PROD_ID_004,High,865.5,250,20,"17,310.00",2596.5,"14,713.50",14.71,"8,655.00","6,058.50",6.06,24-06-2022,Jun,Q2,2022,Henry Turner,VTT,India,865.5
749,Midmarket,CUST_ID_039,PROD_ID_004,High,492,250,15,"7,380.00",1107,"6,273.00",6.27,"4,920.00","1,353.00",1.35,15-10-2021,Oct,Q4,2022,Jackson Turner,VTT,India,492
750,Midmarket,CUST_ID_039,PROD_ID_004,High,"1,175.00",250,15,"17,625.00",2643.75,"14,981.25",14.98,"11,750.00","3,231.25",3.23,09-04-2022,Apr,Q2,2022,Jackson Turner,VTT,India,"1,175.00"
751,Enterprise,CUST_ID_130,PROD_ID_004,High,552,250,125,"69,000.00",10350,"58,650.00",58.65,"66,240.00","-7,590.00",-7.59,27-12-2022,Dec,Q4,2022,Abigail Phillips,VTT,Canada,552
752,Government,CUST_ID_008,PROD_ID_004,High,293,250,20,"5,860.00",879,"4,981.00",4.98,"2,930.00","2,051.00",2.05,10-12-2021,Dec,Q4,2022,Isabella Wilson,VTT,Japan,293
753,Small Business,CUST_ID_149,PROD_ID_006,High,"2,475.00",260,300,"7,42,500.00",111375,"6,31,125.00",631.13,"6,18,750.00","12,375.00",12.38,28-03-2021,Mar,Q1,2022,Samuel Hill,Amarilla,Germany,"2,475.00"
754,Small Business,CUST_ID_127,PROD_ID_006,High,546,260,300,"1,63,800.00",24570,"1,39,230.00",139.23,"1,36,500.00","2,730.00",2.73,16-12-2021,Dec,Q4,2022,Henry Martin,Amarilla,India,546
755,Government,CUST_ID_049,PROD_ID_001,High,"1,368.00",5,7,"9,576.00",1436.4,"8,139.60",8.14,"6,840.00","1,299.60",1.3,22-04-2023,Apr,Q2,2022,Elijah Perez,Montana,USA,"1,368.00"
756,Government,CUST_ID_004,PROD_ID_002,High,723,10,7,"5,061.00",759.15,"4,301.85",4.3,"3,615.00",686.85,0.69,28-01-2023,Jan,Q1,2022,Olivia Brown,Paseo,France,723
757,Channel Partners,CUST_ID_147,PROD_ID_004,High,"1,806.00",250,12,"21,672.00",3250.8,"18,421.20",18.42,"5,418.00","13,003.20",13,19-03-2023,Mar,Q1,2022,Logan Martin,VTT,England,"1,806.00"
758,Government,CUST_ID_008,PROD_ID_004,High,293,250,20,"5,860.00",879,"4,981.00",4.98,"2,930.00","2,051.00",2.05,10-12-2024,Dec,Q4,2022,Isabella Wilson,VTT,Japan,293
759,Small Business,CUST_ID_149,PROD_ID_006,High,"2,475.00",260,300,"7,42,500.00",111375,"6,31,125.00",631.13,"6,18,750.00","12,375.00",12.38,28-03-2024,Mar,Q1,2022,Samuel Hill,Amarilla,Germany,"2,475.00"
760,Small Business,CUST_ID_127,PROD_ID_006,High,546,260,300,"1,63,800.00",24570,"1,39,230.00",139.23,"1,36,500.00","2,730.00",2.73,16-12-2024,Dec,Q4,2022,Henry Martin,Amarilla,India,546
761,Government,CUST_ID_049,PROD_ID_001,High,"1,368.00",5,7,"9,576.00",1436.4,"8,139.60",8.14,"6,840.00","1,299.60",1.3,22-04-2024,Apr,Q2,2022,Elijah Perez,Montana,USA,"1,368.00"
762,Government,CUST_ID_004,PROD_ID_002,High,723,10,7,"5,061.00",759.15,"4,301.85",4.3,"3,615.00",686.85,0.69,28-01-2024,Jan,Q1,2022,Olivia Brown,Paseo,France,723
763,Channel Partners,CUST_ID_147,PROD_ID_004,High,"1,806.00",250,12,"21,672.00",3250.8,"18,421.20",18.42,"5,418.00","13,003.20",13,19-03-2024,Mar,Q1,2022,Logan Martin,VTT,England,"1,806.00"
764,Channel Partners,CUST_ID_147,PROD_ID_004,High,"1,806.00",250,12,"21,672.00",3250.8,"18,421.20",18.42,"5,418.00","13,003.20",13,19-03-2021,Mar,Q1,2022,Logan Martin,VTT,England,"1,806.00"
765,Enterprise,CUST_ID_053,PROD_ID_003,High,663,120,125,"82,875.00",12431.25,"70,443.75",70.44,"79,560.00","-9,116.25",-9.12,19-04-2021,Apr,Q2,2022,Samuel Hill,Velo,Germany,663
766,Channel Partners,CUST_ID_132,PROD_ID_003,High,914,120,12,"10,968.00",1645.2,"9,322.80",9.32,"2,742.00","6,580.80",6.58,12-05-2022,May,Q2,2022,Emily Martin,Velo,France,914
767,Government,CUST_ID_055,PROD_ID_004,High,865.5,250,20,"17,310.00",2596.5,"14,713.50",14.71,"8,655.00","6,058.50",6.06,24-06-2022,Jun,Q2,2022,Henry Turner,VTT,India,865.5
768,Midmarket,CUST_ID_039,PROD_ID_004,High,492,250,15,"7,380.00",1107,"6,273.00",6.27,"4,920.00","1,353.00",1.35,15-10-2021,Oct,Q4,2022,Jackson Turner,VTT,India,492
769,Midmarket,CUST_ID_039,PROD_ID_004,High,"1,175.00",250,15,"17,625.00",2643.75,"14,981.25",14.98,"11,750.00","3,231.25",3.23,09-04-2022,Apr,Q2,2022,Jackson Turner,VTT,India,"1,175.00"
770,Enterprise,CUST_ID_130,PROD_ID_004,High,552,250,125,"69,000.00",10350,"58,650.00",58.65,"66,240.00","-7,590.00",-7.59,27-12-2022,Dec,Q4,2022,Abigail Phillips,VTT,Canada,552
771,Government,CUST_ID_008,PROD_ID_004,High,293,250,20,"5,860.00",879,"4,981.00",4.98,"2,930.00","2,051.00",2.05,10-12-2021,Dec,Q4,2022,Isabella Wilson,VTT,Japan,293
772,Small Business,CUST_ID_149,PROD_ID_006,High,"2,475.00",260,300,"7,42,500.00",111375,"6,31,125.00",631.13,"6,18,750.00","12,375.00",12.38,28-03-2021,Mar,Q1,2022,Samuel Hill,Amarilla,Germany,"2,475.00"
773,Small Business,CUST_ID_127,PROD_ID_006,High,546,260,300,"1,63,800.00",24570,"1,39,230.00",139.23,"1,36,500.00","2,730.00",2.73,16-12-2021,Dec,Q4,2022,Henry Martin,Amarilla,India,546
774,Government,CUST_ID_049,PROD_ID_001,High,"1,368.00",5,7,"9,576.00",1436.4,"8,139.60",8.14,"6,840.00","1,299.60",1.3,22-04-2022,Apr,Q2,2022,Elijah Perez,Montana,USA,"1,368.00"
775,Government,CUST_ID_004,PROD_ID_002,High,723,10,7,"5,061.00",759.15,"4,301.85",4.3,"3,615.00",686.85,0.69,28-01-2022,Jan,Q1,2022,Olivia Brown,Paseo,France,723
776,Channel Partners,CUST_ID_147,PROD_ID_004,High,"1,806.00",250,12,"21,672.00",3250.8,"18,421.20",18.42,"5,418.00","13,003.20",13,19-03-2021,Mar,Q1,2022,Logan Martin,VTT,England,"1,806.00"
777,Channel Partners,CUST_ID_147,PROD_ID_004,High,"1,806.00",250,12,"21,672.00",3250.8,"18,421.20",18.42,"5,418.00","13,003.20",13,19-03-2021,Mar,Q1,2022,Logan Martin,VTT,England,"1,806.00"
778,Enterprise,CUST_ID_053,PROD_ID_003,High,663,120,125,"82,875.00",12431.25,"70,443.75",70.44,"79,560.00","-9,116.25",-9.12,19-04-2021,Apr,Q2,2022,Samuel Hill,Velo,Germany,663
779,Channel Partners,CUST_ID_132,PROD_ID_003,High,914,120,12,"10,968.00",1645.2,"9,322.80",9.32,"2,742.00","6,580.80",6.58,12-05-2022,May,Q2,2022,Emily Martin,Velo,France,914
780,Government,CUST_ID_055,PROD_ID_004,High,865.5,250,20,"17,310.00",2596.5,"14,713.50",14.71,"8,655.00","6,058.50",6.06,24-06-2022,Jun,Q2,2022,Henry Turner,VTT,India,865.5
781,Midmarket,CUST_ID_039,PROD_ID_004,High,492,250,15,"7,380.00",1107,"6,273.00",6.27,"4,920.00","1,353.00",1.35,15-10-2021,Oct,Q4,2022,Jackson Turner,VTT,India,492
782,Midmarket,CUST_ID_039,PROD_ID_004,High,"1,175.00",250,15,"17,625.00",2643.75,"14,981.25",14.98,"11,750.00","3,231.25",3.23,09-04-2022,Apr,Q2,2022,Jackson Turner,VTT,India,"1,175.00"
783,Enterprise,CUST_ID_130,PROD_ID_004,High,552,250,125,"69,000.00",10350,"58,650.00",58.65,"66,240.00","-7,590.00",-7.59,27-12-2022,Dec,Q4,2022,Abigail Phillips,VTT,Canada,552
784,Government,CUST_ID_008,PROD_ID_004,High,293,250,20,"5,860.00",879,"4,981.00",4.98,"2,930.00","2,051.00",2.05,10-12-2021,Dec,Q4,2022,Isabella Wilson,VTT,Japan,293
785,Small Business,CUST_ID_149,PROD_ID_006,High,"2,475.00",260,300,"7,42,500.00",111375,"6,31,125.00",631.13,"6,18,750.00","12,375.00",12.38,28-03-2021,Mar,Q1,2022,Samuel Hill,Amarilla,Germany,"2,475.00"
786,Small Business,CUST_ID_127,PROD_ID_006,High,546,260,300,"1,63,800.00",24570,"1,39,230.00",139.23,"1,36,500.00","2,730.00",2.73,16-12-2021,Dec,Q4,2022,Henry Martin,Amarilla,India,546
787,Government,CUST_ID_049,PROD_ID_001,High,"1,368.00",5,7,"9,576.00",1436.4,"8,139.60",8.14,"6,840.00","1,299.60",1.3,22-04-2023,Apr,Q2,2022,Elijah Perez,Montana,USA,"1,368.00"
788,Government,CUST_ID_004,PROD_ID_002,High,723,10,7,"5,061.00",759.15,"4,301.85",4.3,"3,615.00",686.85,0.69,28-01-2023,Jan,Q1,2022,Olivia Brown,Paseo,France,723
789,Channel Partners,CUST_ID_147,PROD_ID_004,High,"1,806.00",250,12,"21,672.00",3250.8,"18,421.20",18.42,"5,418.00","13,003.20",13,19-03-2023,Mar,Q1,2022,Logan Martin,VTT,England,"1,806.00"
790,Government,CUST_ID_008,PROD_ID_004,High,293,250,20,"5,860.00",879,"4,981.00",4.98,"2,930.00","2,051.00",2.05,10-12-2024,Dec,Q4,2022,Isabella Wilson,VTT,Japan,293
791,Small Business,CUST_ID_149,PROD_ID_006,High,"2,475.00",260,300,"7,42,500.00",111375,"6,31,125.00",631.13,"6,18,750.00","12,375.00",12.38,28-03-2024,Mar,Q1,2022,Samuel Hill,Amarilla,Germany,"2,475.00"
792,Small Business,CUST_ID_127,PROD_ID_006,High,546,260,300,"1,63,800.00",24570,"1,39,230.00",139.23,"1,36,500.00","2,730.00",2.73,16-12-2024,Dec,Q4,2022,Henry Martin,Amarilla,India,546
793,Government,CUST_ID_049,PROD_ID_001,High,"1,368.00",5,7,"9,576.00",1436.4,"8,139.60",8.14,"6,840.00","1,299.60",1.3,22-04-2024,Apr,Q2,2022,Elijah Perez,Montana,USA,"1,368.00"
794,Government,CUST_ID_004,PROD_ID_002,High,723,10,7,"5,061.00",759.15,"4,301.85",4.3,"3,615.00",686.85,0.69,28-01-2024,Jan,Q1,2022,Olivia Brown,Paseo,France,723
795,Channel Partners,CUST_ID_147,PROD_ID_004,High,"1,806.00",250,12,"21,672.00",3250.8,"18,421.20",18.42,"5,418.00","13,003.20",13,19-03-2024,Mar,Q1,2022,Logan Martin,VTT,England,"1,806.00"
796,Channel Partners,CUST_ID_147,PROD_ID_004,High,"1,806.00",250,12,"21,672.00",3250.8,"18,421.20",18.42,"5,418.00","13,003.20",13,19-03-2021,Mar,Q1,2022,Logan Martin,VTT,England,"1,806.00"
797,Enterprise,CUST_ID_053,PROD_ID_003,High,663,120,125,"82,875.00",12431.25,"70,443.75",70.44,"79,560.00","-9,116.25",-9.12,19-04-2021,Apr,Q2,2022,Samuel Hill,Velo,Germany,663
798,Channel Partners,CUST_ID_132,PROD_ID_003,High,914,120,12,"10,968.00",1645.2,"9,322.80",9.32,"2,742.00","6,580.80",6.58,12-05-2022,May,Q2,2022,Emily Martin,Velo,France,914
799,Government,CUST_ID_055,PROD_ID_004,High,865.5,250,20,"17,310.00",2596.5,"14,713.50",14.71,"8,655.00","6,058.50",6.06,24-06-2022,Jun,Q2,2022,Henry Turner,VTT,India,865.5
800,Midmarket,CUST_ID_039,PROD_ID_004,High,492,250,15,"7,380.00",1107,"6,273.00",6.27,"4,920.00","1,353.00",1.35,15-10-2021,Oct,Q4,2022,Jackson Turner,VTT,India,492
801,Midmarket,CUST_ID_039,PROD_ID_004,High,"1,175.00",250,15,"17,625.00",2643.75,"14,981.25",14.98,"11,750.00","3,231.25",3.23,09-04-2022,Apr,Q2,2022,Jackson Turner,VTT,India,"1,175.00"
802,Enterprise,CUST_ID_130,PROD_ID_004,High,552,250,125,"69,000.00",10350,"58,650.00",58.65,"66,240.00","-7,590.00",-7.59,27-12-2022,Dec,Q4,2022,Abigail Phillips,VTT,Canada,552
803,Government,CUST_ID_008,PROD_ID_004,High,293,250,20,"5,860.00",879,"4,981.00",4.98,"2,930.00","2,051.00",2.05,10-12-2021,Dec,Q4,2022,Isabella Wilson,VTT,Japan,293
804,Small Business,CUST_ID_149,PROD_ID_006,High,"2,475.00",260,300,"7,42,500.00",111375,"6,31,125.00",631.13,"6,18,750.00","12,375.00",12.38,28-03-2021,Mar,Q1,2022,Samuel Hill,Amarilla,Germany,"2,475.00"
805,Small Business,CUST_ID_127,PROD_ID_006,High,546,260,300,"1,63,800.00",24570,"1,39,230.00",139.23,"1,36,500.00","2,730.00",2.73,16-12-2021,Dec,Q4,2022,Henry Martin,Amarilla,India,546
806,Government,CUST_ID_049,PROD_ID_001,High,"1,368.00",5,7,"9,576.00",1436.4,"8,139.60",8.14,"6,840.00","1,299.60",1.3,22-04-2022,Apr,Q2,2022,Elijah Perez,Montana,USA,"1,368.00"
807,Government,CUST_ID_004,PROD_ID_002,High,723,10,7,"5,061.00",759.15,"4,301.85",4.3,"3,615.00",686.85,0.69,28-01-2022,Jan,Q1,2022,Olivia Brown,Paseo,France,723
808,Channel Partners,CUST_ID_147,PROD_ID_004,High,"1,806.00",250,12,"21,672.00",3250.8,"18,421.20",18.42,"5,418.00","13,003.20",13,19-03-2021,Mar,Q1,2022,Logan Martin,VTT,England,"1,806.00"
809,Channel Partners,CUST_ID_147,PROD_ID_004,High,"1,806.00",250,12,"21,672.00",3250.8,"18,421.20",18.42,"5,418.00","13,003.20",13,19-03-2021,Mar,Q1,2022,Logan Martin,VTT,England,"1,806.00"
810,Enterprise,CUST_ID_053,PROD_ID_003,High,663,120,125,"82,875.00",12431.25,"70,443.75",70.44,"79,560.00","-9,116.25",-9.12,19-04-2021,Apr,Q2,2022,Samuel Hill,Velo,Germany,663
811,Channel Partners,CUST_ID_132,PROD_ID_003,High,914,120,12,"10,968.00",1645.2,"9,322.80",9.32,"2,742.00","6,580.80",6.58,12-05-2022,May,Q2,2022,Emily Martin,Velo,France,914
812,Government,CUST_ID_055,PROD_ID_004,High,865.5,250,20,"17,310.00",2596.5,"14,713.50",14.71,"8,655.00","6,058.50",6.06,24-06-2022,Jun,Q2,2022,Henry Turner,VTT,India,865.5
813,Midmarket,CUST_ID_039,PROD_ID_004,High,492,250,15,"7,380.00",1107,"6,273.00",6.27,"4,920.00","1,353.00",1.35,15-10-2021,Oct,Q4,2022,Jackson Turner,VTT,India,492
814,Midmarket,CUST_ID_039,PROD_ID_004,High,"1,175.00",250,15,"17,625.00",2643.75,"14,981.25",14.98,"11,750.00","3,231.25",3.23,09-04-2022,Apr,Q2,2022,Jackson Turner,VTT,India,"1,175.00"
815,Enterprise,CUST_ID_130,PROD_ID_004,High,552,250,125,"69,000.00",10350,"58,650.00",58.65,"66,240.00","-7,590.00",-7.59,27-12-2022,Dec,Q4,2022,Abigail Phillips,VTT,Canada,552
816,Government,CUST_ID_008,PROD_ID_004,High,293,250,20,"5,860.00",879,"4,981.00",4.98,"2,930.00","2,051.00",2.05,10-12-2021,Dec,Q4,2022,Isabella Wilson,VTT,Japan,293
817,Small Business,CUST_ID_149,PROD_ID_006,High,"2,475.00",260,300,"7,42,500.00",111375,"6,31,125.00",631.13,"6,18,750.00","12,375.00",12.38,28-03-2021,Mar,Q1,2022,Samuel Hill,Amarilla,Germany,"2,475.00"
818,Small Business,CUST_ID_127,PROD_ID_006,High,546,260,300,"1,63,800.00",24570,"1,39,230.00",139.23,"1,36,500.00","2,730.00",2.73,16-12-2021,Dec,Q4,2022,Henry Martin,Amarilla,India,546
819,Government,CUST_ID_049,PROD_ID_001,High,"1,368.00",5,7,"9,576.00",1436.4,"8,139.60",8.14,"6,840.00","1,299.60",1.3,22-04-2023,Apr,Q2,2022,Elijah Perez,Montana,USA,"1,368.00"
820,Government,CUST_ID_004,PROD_ID_002,High,723,10,7,"5,061.00",759.15,"4,301.85",4.3,"3,615.00",686.85,0.69,28-01-2023,Jan,Q1,2022,Olivia Brown,Paseo,France,723
821,Channel Partners,CUST_ID_147,PROD_ID_004,High,"1,806.00",250,12,"21,672.00",3250.8,"18,421.20",18.42,"5,418.00","13,003.20",13,19-03-2023,Mar,Q1,2022,Logan Martin,VTT,England,"1,806.00"
822,Government,CUST_ID_008,PROD_ID_004,High,293,250,20,"5,860.00",879,"4,981.00",4.98,"2,930.00","2,051.00",2.05,10-12-2024,Dec,Q4,2022,Isabella Wilson,VTT,Japan,293
823,Small Business,CUST_ID_149,PROD_ID_006,High,"2,475.00",260,300,"7,42,500.00",111375,"6,31,125.00",631.13,"6,18,750.00","12,375.00",12.38,28-03-2024,Mar,Q1,2022,Samuel Hill,Amarilla,Germany,"2,475.00"
824,Small Business,CUST_ID_127,PROD_ID_006,High,546,260,300,"1,63,800.00",24570,"1,39,230.00",139.23,"1,36,500.00","2,730.00",2.73,16-12-2024,Dec,Q4,2022,Henry Martin,Amarilla,India,546
825,Government,CUST_ID_049,PROD_ID_001,High,"1,368.00",5,7,"9,576.00",1436.4,"8,139.60",8.14,"6,840.00","1,299.60",1.3,22-04-2024,Apr,Q2,2022,Elijah Perez,Montana,USA,"1,368.00"
826,Government,CUST_ID_004,PROD_ID_002,High,723,10,7,"5,061.00",759.15,"4,301.85",4.3,"3,615.00",686.85,0.69,28-01-2024,Jan,Q1,2022,Olivia Brown,Paseo,France,723
827,Channel Partners,CUST_ID_147,PROD_ID_004,High,"1,806.00",250,12,"21,672.00",3250.8,"18,421.20",18.42,"5,418.00","13,003.20",13,19-03-2024,Mar,Q1,2022,Logan Martin,VTT,England,"1,806.00"
